ship_code	cruise_id_guess	n_files	n_subzips	lon_min	lon_max	lat_min	lat_max	n_keep	n_exclude
	20120408	1	1	137.421568	137.710719	40.935987	41.02941	1	0
	20120410	1	1	137.624679	138.147189	40.936162	41.032437	1	0
	20120413	1	1	138.095769	140.203409	40.938979	41.032522	1	0
	20120416	1	1	138.275752	139.473517	41.551865	41.644272	1	0
	20120417	1	1	139.381502	140.200533	41.113533	41.617813	1	0
	20120418	1	1	138.940817	140.156282	40.946913	41.157694	1	0
	20120419	1	1	137.841136	140.016712	40.809989	40.903012	1	0
	20120420	1	1	138.077924	139.654832	40.355793	41.002176	1	0
	20120421	1	1	139.325628	139.700346	40.539993	40.693282	1	0
	20120424	1	1	139.126617	139.761625	40.69049	41.728881	1	0
	20120425	1	1	139.712566	139.760623	41.72858	42.086507	1	0
	20120428	1	1	138.135422	139.279812	40.684446	40.899482	1	0
	20120429	1	1	137.421325	138.392326	40.683049	41.031834	1	0
	20120430	1	1	137.932042	139.147113	40.944371	41.167861	1	0
	20120501	1	1	137.902647	139.511167	41.207874	41.449159	1	0
	20120502	1	1	138.450172	139.154417	41.382501	41.474177	1	0
	20120505	1	1	138.475955	139.481131	40.602726	41.018625	1	0
	20120506	1	1	138.912767	139.020838	40.591581	41.658614	1	0
	20120507	1	1	138.345486	138.467752	40.057134	41.689667	1	0
	20120508	1	1	138.069632	138.541409	40.045449	40.279455	1	0
KH	KH-18-J02C	1	1	141.01376	143.209754	35.739813	39.560037	1	0
KH	KH-18-J03C	1	1	141.645162	143.278028	37.833328	40.386499	1	0
KH	KH-20-J01	1	1	132.622221	141.953811	32.652926	35.078446	1	0
KM	KM20-02	6	3	133.981369	144.543546	30.602579	39.118804	6	0
KM	KM16-08	4	2	139.681158	142.656586	32.315416	34.83105	4	0
KM	KM17-05	4	2	141.350755	146.761642	35.642369	41.517927	4	0
KM	KM17-07	4	2	139.965612	146.131443	0.0004	41.582159	4	0
KM	KM18-07C	4	2	126.097489	137.548084	25.853523	34.017698	4	0
KM	KM18-10	4	2	134.860476	138.775927	31.932674	34.31176	4	0
KM	KM21-07	4	2	131.752465	138.715803	30.793608	34.435737	4	0
KM	KM16-04	2	1	138.356328	141.291755	33.704919	35.109309	2	0
KM	KM16-05	2	1	138.511311	139.695892	33.542901	34.961512	2	0
KM	KM16-06	2	1	139.220761	142.263536	34.870144	36.28196	2	0
KM	KM16-07	2	1	138.376018	140.002523	31.981744	35.05586	2	0
KM	KM16-09	2	1	138.499936	139.784014	31.939194	35.032698	2	0
KM	KM16-10	2	1	138.382399	139.900997	32.08601	35.040778	2	0
KM	KM17-02	2	1	134.048032	138.654305	31.79172	33.966366	2	0
KM	KM17-04	2	1	137.796145	139.233317	32.773161	34.952173	2	0
KM	KM17-08C	2	1	128.060104	138.630101	27.02505	34.126433	2	0
KM	KM17-09	2	1	139.567889	144.38315	27.947273	34.78824	2	0
KM	KM17-10C	2	1	126.952128	130.931179	26.774778	28.71186	2	0
KM	KM17-12C	2	1	124.051604	139.53549	24.939538	34.709797	2	0
KM	KM17-13	2	1	138.490641	139.930935	32.441031	34.857028	2	0
KM	KM17-14C	2	1	139.751705	154.634468	19.50073	34.366196	2	0
KM	KM17-E01	2	1	145.625859	154.611377	22.843924	24.939365	2	0
KM	KM18-01	2	1	129.547241	138.966235	26.416261	34.408495	2	0
KM	KM18-02C	2	1	139.169008	140.111667	32.08727	33.949014	2	0
KM	KM18-04C	2	1	126.371104	138.115596	26.290007	33.898327	2	0
KM	KM18-05C	2	1	140.980836	142.822936	35.297121	40.292242	2	0
KM	KM18-06	2	1	140.244824	149.773301	34.94024	38.031312	2	0
KM	KM18-08C	2	1	127.040033	139.697295	26.30274	35.036258	2	0
KM	KM19-02	2	1	132.473633	142.104795	32.501753	35.014171	2	0
KM	KM19-03	2	1	141.6471	144.946969	35.882425	40.022875	2	0
KM	KM19-07	2	1	139.355636	142.882571	34.117764	36.162687	2	0
KM	KM19-09	2	1	134.256934	139.590741	32.064218	35.030477	2	0
KM	KM19-E01	2	1	128.147821	138.658987	28.013632	34.200756	2	0
KM	KM19-MSB-E01C	2	1	139.674381	142.992629	31.785114	35.031492	2	0
KM	KM20-01	2	1	136.833616	139.809106	32.628151	35.018606	2	0
KM	KM20-05	2	1	131.378991	139.604269	30.327998	34.866542	2	0
KM	KM20-09	2	1	138.355085	139.634741	34.526693	35.051423	2	0
KM	KM20-10C	2	1	138.354056	139.696384	30.605343	35.040298	2	0
KM	KM20-11	2	1	139.475032	142.040289	26.954348	34.783188	2	0
KM	KM20-E01C	2	1	138.096703	144.137982	34.01658	38.320428	2	0
KM	KM20-E02	2	1	140.021893	147.000373	34.861068	42.593897	2	0
KM	KM21-01	2	1	133.685923	142.2313	32.906926	35.004408	2	0
KM	KM21-04	2	1	139.672893	146.09713	34.75632	42.529193	2	0
KM	KM21-05	2	1	129.468911	139.107814	30.388168	34.699625	2	0
KM	KM21-11	2	1	134.989407	139.311483	32.854607	35.026123	2	0
KM	KM21-12	2	1	135.031852	138.561195	32.846042	34.562833	2	0
KM	KM21-13C	2	1	134.494641	137.812316	32.729686	34.035752	2	0
KM	KM21-E04C	2	1	138.526893	139.695223	29.158892	34.01568	2	0
KM	KM22-01	2	1	129.992144	138.12796	30.553176	34.352231	2	0
KM	KM22-02	2	1	126.406727	138.536131	24.407203	34.504254	2	0
KM	KM22-05	2	1	141.370051	145.215844	36.655328	41.775129	2	0
KM	KM22-06	2	1	133.307873	138.958029	32.611306	34.696191	2	0
KM	KM22-07	2	1	140.968875	146.652024	36.465748	42.518813	2	0
KM	KM22-10	2	1	135.05649	139.179398	32.355398	34.745596	2	0
KM	KM17-01	1	1	138.263275	144.329201	24.159872	34.736738	1	0
KM	KM17-03	1	1	139.189555	139.226483	34.852015	34.877194	1	0
KM	KM17-06C	1	1	138.018661	140.893982	43.442288	44.169701	1	0
KM	KM17-11C	1	1	126.805299	127.028698	27.660994	27.845503	1	0
KM	KM18-03	1	1	134.014095	139.094038	31.762532	34.758608	1	0
KM	KM18-09	1	1	136.861124	139.642804	33.354814	35.026131	1	0
KM	KM19-05C	1	1	142.29998	142.480134	38.992577	39.481019	1	0
KM	KM20-08	1	1	139.52778	144.247526	30.932299	35.079267	1	0
KM	KM21-E01	1	1	136.187202	139.736339	33.36029	35.054674	1	0
KM	KM21-E03	1	1	139.897789	141.592705	34.075568	34.827586	1	0
KR	KR10-10	34	2	135.4786276	142.256712	35.554988	41.645156	34	0
KR	KR11-05	32	2	139.680261	145.491384	26.707449	39.940007	32	0
KR	KR10-09	30	1	140.096898	150.264566	34.355957	41.451515	30	0
KR	KR11-09	29	1	134.639751	139.28722	31.891504	34.845013	29	0
KR	KR12-20	29	1	139.970041	145.29938	34.389136	38.311313	29	0
KR	KR07-09	25	1	134.357332	143.615866	27.827227	34.411016	25	0
KR	KR10-11	25	1	133.978726	139.633326	31.641998	35.055171	25	0
KR	KR11-03	24	1	133.621744	139.523733	18.419052	34.996135	24	0
KR	KR07-06	23	1	141.122325	155.043	33.37379	40.056463	23	0
KR	KR11-08	23	1	136.803872	143.871665	35.906774	41.359751	23	0
KR	KR08-10	22	1	142.417622	147.163568	38.488498	40.687457	22	0
KR	KR06-14	21	1	126.945873	150.668089	18.749457	34.813767	21	0
KR	KR10-12	21	1	139.991746	147.178593	34.680513	40.317817	21	0
KR	KR13-06	21	2	141.063066	145.221277	35.769822	39.204165	19	0
KR	KR04-14	20	2	125.51829	136.021536	17.947002	24.582833	20	0
KR	KR05-04	20	1	139.618788	146.711748	34.779051	42.741751	20	0
KR	KR05-16	20	1	134.180867	145.080218	20.625337	32.079622	20	0
KR	KR10-13	20	1	138.351393	143.82707	26.836013	35.070182	20	0
KR	KR05-06	19	1	135.572499	141.99024	21.033611	31.53681	19	0
KR	KR07-13	19	1	136.60872	143.5526	27.473914	29.488911	19	0
KR	KR10-08	19	1	139.791508	156.294892	34.770772	40.585092	19	0
KR	KR05-14	18	1	126.922581	150.67724	15.681059	30.732536	18	0
KR	KR06-07	18	1	136.727767	143.485074	24.008478	29.683845	18	0
KR	KR07-03	18	1	138.001643	145.260181	24.009342	34.458391	18	0
KR	KR09-14	18	1	132.459305	136.912561	31.066957	33.375822	18	0
KR	KR11-E03	18	1	141.865614	145.320323	36.954762	39.938632	18	0
KR	KR01-12	17	1	-157.900839	-154.02397	16.941274	21.492216	17	0
KR	KR08-15	17	1	126.957843	150.814044	18.768455	34.744007	17	0
KR	KR11-01	17	1	139.422563	144.020402	25.286117	35.124458	14	0
KR	KR11-10	17	1	140.007254	165.551191	28.67867	38.274847	17	0
KR	KR02-01	16	1	142.235662	145.045886	18.503697	26.670136	0	0
KR	KR03-10	16	1	-179.712021	179.87554	34.798185	49.90146	16	0
KR	KR03-13	16	1	142.531697	145.505875	12.431007	23.001327	16	0
KR	KR12-18	16	1	134.669743	139.202204	19.094491	34.662677	16	0
KR	KR04-15	15	1	133.620935	144.925767	26.46131	33.765885	15	0
KR	KR06-15	15	1	139.879178	147.811535	12.972859	34.440999	0	0
KR	KR12-01	15	1	125.314843	139.595264	23.793564	35.040386	14	0
KR	KR12-14	15	1	153.130134	159.940786	37.897167	41.223841	15	0
KR	KR01-11	14	1	-179.743075	179.963948	28.46604	42.289445	14	0
KR	KR03-12	14	1	144.446562	145.22211	16.494068	18.507997	14	0
KR	KR04-01	14	1	139.067339	139.870289	32.924701	34.679663	14	0
KR	KR04-08	14	1	141.841079	152.984497	35.070276	39.554849	14	0
KR	KR05-01	14	1	145.531737	157.286216	-4.441516	25.041688	14	0
KR	KR08-09	14	1	136.630483	140.978267	31.858876	33.788347	14	0
KR	KR10-07	14	1	138.406191	141.853445	31.78739	35.182431	14	0
KR	KR12-12	14	1	135.277555	139.137585	32.357223	34.516053	14	0
KR	KR02-16	13	1	138.490465	140.990761	30.261403	32.508831	13	0
KR	KR03-01	13	1	136.853844	139.967182	15.084524	20.849167	13	0
KR	KR03-04	13	2	124.265392	136.313732	18.616811	26.114402	13	0
KR	KR04-04	13	1	138.636883	140.283908	29.942682	34.361055	13	0
KR	KR06-05	13	1	137.245626	139.383472	27.125513	32.30102	13	0
KR	KR08-16	13	1	131.510624	133.978934	30.662422	32.619651	13	0
KR	KR10-05	13	1	156.809431	157.553104	-5.528168	-0.39535	13	0
KR	KR11-E05	13	1	141.176131	145.209534	35.911171	41.431261	13	0
KR	KR13-08	13	1	142.022854	144.935818	35.8001	39.345746	13	0
KR	KR09-06	12	1	146.390484	149.771394	37.431865	42.046523	12	0
KR	KR12-16	12	1	140.879303	145.094029	35.522831	39.774028	12	0
KR	KR02-13	11	1	140.903353	143.965422	9.94585	12.532715	11	0
KR	KR02-14	11	1	141.33932	148.846175	13.982041	22.001683	11	0
KR	KR03-07	11	1	144.10183	150.592247	36.927024	39.91199	11	0
KR	KR06-01	11	1	139.208164	142.820887	21.010372	24.785084	11	0
KR	KR06-03	11	1	141.977096	151.417322	35.676533	40.61122	11	0
KR	KR07-05	11	1	141.136113	144.293982	35.713471	40.518304	11	0
KR	KR07-12	11	1	128.721432	135.077969	31.225733	39.612088	11	0
KR	KR08-04	11	1	138.492016	141.47136	31.332988	35.48479	11	0
KR	KR10-06	11	2	137.717151	142.372454	30.836183	34.939657	11	0
KR	KR13-09	11	1	141.104708	159.916113	34.841904	41.245385	11	0
KR	KR02-06	10	1	132.051849	144.111061	31.765986	42.449119	10	0
KR	KR02-08	10	2	142.691145	160.436316	38.215636	41.545631	10	0
KR	KR05-10	10	1	139.700439	152.956946	34.838437	41.521017	10	0
KR	KR05-17	10	1	142.653477	150.427903	17.259358	20.015223	9	0
KR	KR06-13	10	1	136.920391	142.258365	20.862103	29.990029	10	0
KR	KR09-09	10	1	136.073217	138.248802	37.447701	39.115309	10	0
KR	KR11-07	10	1	140.884005	160.024231	35.141423	41.169649	9	0
KR	KR12-15	10	1	141.591251	144.445432	36.00991	40.013572	8	0
KR	KR13-01	10	1	141.150322	144.682887	35.874935	38.217269	10	0
KR	KR13-07	10	1	138.06471	143.263006	27.529063	34.759737	10	0
KR	KR02-07	9	2	142.138397	145.164585	38.436731	42.659585	9	0
KR	KR02-15	9	1	140.514125	153.926119	33.838438	40.485638	9	0
KR	KR11-02	9	1	139.038307	140.581025	31.829674	35.027515	0	0
KR	KR11-11	9	1	139.650229	143.942718	28.921054	34.882354	0	0
KR	KR12-07	9	1	139.114871	142.754485	34.862137	42.477313	9	0
KR	KR12-08	9	1	140.978727	144.843528	35.846113	42.406354	9	0
KR	KR02-09	8	1	142.402702	145.299107	35.808511	40.119762	8	0
KR	KR05-05	8	1	132.771552	139.659488	25.388396	35.050762	8	0
KR	KR06-16	8	1	147.934861	151.795847	-0.222287	5.267767	8	0
KR	KR08-07	8	1	141.13069	143.372858	26.641677	32.848939	8	0
KR	KR11-E01	8	2	139.182962	141.86596	31.80678	35.078572	8	0
KR	KR12-03	8	1	126.983345	139.653147	26.544318	35.030879	8	0
KR	KR02-12	7	1	134.560338	137.067928	18.62072	25.802995	7	0
KR	KR04-10	7	1	140.495715	143.447329	27.363334	34.297104	7	0
KR	KR05-15	7	1	135.417265	140.29648	-0.414871	3.023531	7	0
KR	KR07-08	7	1	141.899866	160.044548	37.039026	42.073459	7	0
KR	KR09-04	7	1	141.401469	143.082754	27.485877	33.078907	7	0
KR	KR09-05	7	1	135.028457	137.378698	19.244553	32.946308	7	0
KR	KR09-08	7	1	136.060482	136.935377	32.883843	33.913111	7	0
KR	KR11-04	7	2	134.408454	138.369783	32.304969	34.115442	0	0
KR	KR11-06	7	1	135.203183	142.064858	33.275757	35.24152	7	0
KR	KR11-E04	7	1	140.136958	143.987679	34.908561	38.670258	7	0
KR	KR12-11	7	1	134.989124	142.941233	29.101189	34.901318	0	0
KR	KR13-04	7	1	141.255922	144.010796	36.174448	39.177717	7	0
KR	KR04-07	6	1	139.206846	139.530449	34.905998	35.207604	6	0
KR	KR04-09	6	1	138.404487	144.363111	34.117392	40.151611	6	0
KR	KR04-11	6	1	141.786207	142.542044	26.795211	28.004765	4	0
KR	KR05-07	6	1	142.508024	144.102334	37.904916	38.594222	6	0
KR	KR05-11	6	1	139.559647	140.136819	31.675472	32.202049	6	0
KR	KR07-07	6	1	142.789059	145.423538	37.594519	38.789145	6	0
KR	KR08-E03	6	1	139.527829	141.882821	28.818321	32.172752	6	0
KR	KR09-02	6	1	136.527701	136.722416	33.194145	33.337575	6	0
KR	KR09-07	6	1	139.507095	143.751961	33.436394	35.016688	6	0
KR	KR09-12	6	2	134.866364	137.024439	32.297967	33.117477	6	0
KR	KR11-12	6	1	134.619808	139.649533	32.168334	35.077084	6	0
KR	KR12-04	6	1	137.129922	139.777101	33.836287	35.021292	6	0
KR	KR12-05	6	1	138.535678	139.525095	34.550923	35.179726	0	0
KR	KR12-17	6	1	134.620523	139.623969	31.911972	35.049242	6	0
KR	KR13-03	6	1	136.919154	139.63357	25.269825	34.861571	6	0
KR	KR15-11	6	3	128.943085	139.163334	28.497603	38.179218	6	0
KR	KR02-03	5	1	131.38059	135.685792	18.652446	22.706408	5	0
KR	KR05-03	5	2	126.986994	128.240795	23.936551	25.980456	5	0
KR	KR06-06	5	1	134.250496	136.746714	18.442146	32.999735	5	0
KR	KR09-16	5	1	143.048494	147.261888	37.92762	40.324644	5	0
KR	KR09-17	5	1	144.059307	150.106192	38.254348	39.194395	5	0
KR	KR10-02	5	1	126.614724	129.668853	27.541451	31.862109	5	0
KR	KR10-E01	5	1	136.949018	139.62735	25.775259	34.837279	5	0
KR	KR12-02	5	1	126.803988	127.759243	26.51541	28.006945	0	0
KR	KR12-19	5	1	141.449629	142.854773	35.771983	37.298368	5	0
KR	KR13-02	5	1	149.957687	154.223003	21.612598	23.550183	5	0
KR	KR16-05	5	3	153.35894	164.818114	-28.037071	-14.603252	5	0
KR	KR01-07	4	1	134.306394	135.245388	32.169336	33.468148	4	0
KR	KR03-05	4	2	134.41842	136.857666	31.995179	32.964884	4	0
KR	KR04-05	4	1	135.988803	139.61351	32.347239	35.038848	4	0
KR	KR04-13	4	1	139.295528	140.087933	31.101455	34.518829	4	0
KR	KR05-08	4	1	144.099332	160.480701	38.45041	41.560712	4	0
KR	KR05-09	4	1	137.667391	139.245736	41.589337	43.937202	4	0
KR	KR05-13	4	1	134.487609	138.161039	32.263729	34.28537	4	0
KR	KR06-09	4	1	142.297127	144.571728	32.570516	34.425186	4	0
KR	KR09-10	4	1	139.337175	141.499494	34.401721	35.108735	4	0
KR	KR09-11	4	1	135.029217	137.378465	25.509399	30.216568	4	0
KR	KR10-01	4	1	139.199718	139.54916	34.955368	35.224904	4	0
KR	KR10-03	4	1	122.623641	124.275435	23.981531	25.00549	4	0
KR	KR10-E03	4	1	140.100579	143.22896	29.911689	34.099407	4	0
KR	KR10-E04	4	1	139.792618	144.396552	34.780451	39.180866	4	0
KR	KR12-06	4	1	138.348687	139.114312	34.531948	35.034307	4	0
KR	KR12-13	4	1	139.212794	141.622303	33.552371	36.853116	4	0
KR	KR16-01	4	2	138.972434	154.021923	20.089612	35.01473	4	0
KR	KR17-04	4	2	140.56352	146.762907	35.134581	38.297068	4	0
KR	KR19-E03	4	2	133.664501	139.815276	31.905845	35.020407	4	0
KR	KR01-15	3	1	139.799646	140.936941	28.441807	32.153236	3	0
KR	KR02-10	3	1	134.927909	137.50194	32.300441	32.937809	3	0
KR	KR03-08	3	1	145.951415	160.129444	39.934897	41.185795	3	0
KR	KR08-03	3	1	136.630711	141.924451	33.249595	34.356688	3	0
KR	KR09-01	3	1	135.605678	138.549188	31.995166	33.930306	3	0
KR	KR09-15	3	1	136.354475	136.816599	33.010862	33.330587	3	0
KR	KR17-11	3	2	138.542412	141.772851	33.080758	35.033051	3	0
KR	KR17-14	3	2	-157.103327	-149.407982	22.615751	25.186602	3	0
KR	KR17-15C	3	3	153.698612	162.490199	-27.988789	-26.026186	3	0
KR	KR20-03	3	2	135.196296	141.879097	33.253566	35.054709	3	0
KR	KR06-12	2	1	143.076031	149.452504	16.014849	20.025764	2	0
KR	KR07-14	2	1	143.350882	144.378763	39.053201	40.167382	2	0
KR	KR07-15	2	1	136.296125	136.938329	33.270838	33.712639	2	0
KR	KR08-02	2	1	135.255407	135.660627	32.306672	32.799921	2	0
KR	KR08-05	2	1	142.578853	142.827425	11.281162	11.458666	2	0
KR	KR09-03	2	1	139.171278	139.274473	34.935263	35.039879	2	0
KR	KR12-09	2	1	139.161259	139.809739	34.211384	35.029836	2	0
KR	KR13-11	2	1	140.256746	144.856385	34.823713	40.227252	2	0
KR	KR13-12	2	1	140.828873	147.344519	34.932702	40.186952	2	0
KR	KR13-13	2	1	139.216142	142.51489	33.42244	35.057246	2	0
KR	KR13-14	2	1	128.005511	142.042121	25.940096	33.843581	2	0
KR	KR13-15	2	1	129.076633	134.879623	25.713148	33.754628	2	0
KR	KR13-16	2	1	139.20545	142.941542	33.714043	35.100614	2	0
KR	KR13-17	2	1	133.66496	139.550306	32.772826	35.014604	2	0
KR	KR13-18	2	1	123.367676	139.69371	21.732119	35.05213	2	0
KR	KR13-19	2	1	138.969603	139.93371	31.938639	35.221278	2	0
KR	KR14-01	2	1	139.637709	142.674433	10.192498	34.845184	2	0
KR	KR14-02	2	1	139.209709	155.105386	15.149541	35.14596	2	0
KR	KR14-05	2	1	132.654673	139.280439	30.650924	34.847121	2	0
KR	KR14-06	2	1	139.680382	171.061034	27.379089	34.978485	2	0
KR	KR14-07	2	1	140.287696	166.687525	33.950388	39.347257	2	0
KR	KR14-08	2	1	133.038016	140.324824	35.780135	41.328852	2	0
KR	KR14-09	2	1	139.218344	144.744114	34.774821	39.176933	2	0
KR	KR14-10	2	1	139.791355	165.500863	28.984504	41.087755	2	0
KR	KR14-E02	2	1	140.859275	148.247206	35.345057	38.308467	2	0
KR	KR14-E03	2	1	141.127008	144.630563	36.255043	39.692864	2	0
KR	KR14-E05	2	1	134.330103	139.660968	32.813883	35.037599	2	0
KR	KR15-01	2	1	139.850848	143.001909	33.61462	34.83534	2	0
KR	KR15-03	2	1	134.133491	141.066447	19.274957	35.025237	2	0
KR	KR15-04	2	1	134.588022	138.876978	32.25237	34.519959	2	0
KR	KR15-06	2	1	135.271593	141.737768	33.250795	35.019423	2	0
KR	KR15-08	2	1	136.13131	139.442713	32.767711	34.950609	2	0
KR	KR15-09	2	1	138.519596	139.572861	34.312118	35.083986	2	0
KR	KR15-10	2	1	134.925757	142.298	35.758203	41.626782	2	0
KR	KR15-13	2	1	139.414901	141.763352	33.317082	35.158436	2	0
KR	KR15-14	2	1	140.022321	156.11942	34.875972	38.930678	2	0
KR	KR15-15	2	1	140.577507	144.120397	35.131296	38.143201	1	0
KR	KR15-16	2	1	123.632663	127.573009	24.169805	27.041988	2	0
KR	KR15-17	2	1	126.954307	127.890278	26.3047	27.875207	2	0
KR	KR15-18	2	1	122.906955	128.81665	22.981506	26.328849	2	0
KR	KR15-19	2	1	131.106085	140.933749	26.020281	34.574107	2	0
KR	KR15-20	2	1	138.532436	139.748795	31.636693	35.042012	2	0
KR	KR15-21	2	1	128.92916	139.066914	27.708114	34.633902	2	0
KR	KR15-E01	2	1	139.659224	153.757621	22.330107	34.816698	2	0
KR	KR15-E02	2	1	139.774544	141.62427	33.890065	34.860989	2	0
KR	KR16-03	2	1	126.386877	139.157658	26.273566	34.845157	2	0
KR	KR16-04	2	1	153.884406	166.070455	-25.536388	6.662692	2	0
KR	KR16-08	2	1	131.493933	140.093261	31.45303	38.044979	2	0
KR	KR16-10	2	1	131.368137	134.834229	30.112305	33.541988	2	0
KR	KR16-11	2	1	135.516291	139.808317	32.743687	35.021546	2	0
KR	KR16-12	2	1	139.276567	140.028423	31.829294	35.01388	2	0
KR	KR16-13	2	1	139.478908	153.621662	22.454102	34.8425	2	0
KR	KR16-15	2	1	126.780127	127.108389	27.378013	27.841096	2	0
KR	KR16-16	2	1	122.876196	129.978423	24.47979	30.75608	2	0
KR	KR16-17	2	1	126.808374	130.551236	26.803128	30.931497	2	0
KR	KR16-18	2	1	128.009692	132.457841	26.892595	30.921624	2	0
KR	KR16-E01	2	1	138.419617	139.702555	34.094237	34.896548	2	0
KR	KR16-E03	2	1	136.507073	142.379661	32.629636	34.079138	2	0
KR	KR16-E04	2	1	137.657983	142.39015	34.275941	35.171753	2	0
KR	KR16-E06	2	1	124.448473	130.467378	23.752977	30.70357	2	0
KR	KR17-05C	2	1	139.198639	139.494707	35.044367	35.102033	2	0
KR	KR17-06	2	1	141.041287	143.795608	35.620349	38.123742	2	0
KR	KR17-07C	2	1	139.862221	144.690198	33.901809	34.853914	2	0
KR	KR17-08C	2	1	132.168615	143.277759	11.274767	35.096052	2	0
KR	KR17-09	2	1	134.869225	139.358361	29.920009	35.098885	2	0
KR	KR17-10	2	1	140.571048	144.894891	35.042209	37.727524	2	0
KR	KR17-13	2	1	-179.999371	179.999729	21.391083	34.789808	2	0
KR	KR18-03C	2	1	123.724149	133.474295	24.789993	32.864785	2	0
KR	KR18-04	2	1	133.919618	137.123205	32.141959	34.292005	2	0
KR	KR18-06C	2	1	136.977414	140.136565	41.402687	43.613559	2	0
KR	KR18-07	2	1	135.521207	141.900786	32.938524	35.078609	2	0
KR	KR18-09	2	1	138.963409	140.731849	28.512564	35.062254	2	0
KR	KR18-11C	2	1	140.007011	159.124237	18.566447	34.844969	2	0
KR	KR18-12C	2	1	132.087074	139.374613	31.534699	34.922886	2	0
KR	KR19-01	2	1	134.415713	139.285348	32.333432	34.853532	2	0
KR	KR19-02C	2	1	128.302495	139.610663	27.21986	35.001631	2	0
KR	KR19-04	2	1	135.268838	139.322911	33.287613	35.006521	2	0
KR	KR19-05	2	1	139.714563	154.586485	24.076517	35.020046	2	0
KR	KR19-06C	2	1	135.457325	140.819153	38.795022	41.609911	2	0
KR	KR19-07	2	1	142.073052	147.26508	38.496207	42.827306	2	0
KR	KR19-09	2	1	134.990994	138.792822	32.67022	34.461547	2	0
KR	KR19-10C	2	1	130.825061	132.468077	29.769963	32.365411	2	0
KR	KR19-11	2	1	130.094887	130.57415	30.49534	31.055499	2	0
KR	KR20-09	2	1	135.152098	139.625685	32.856827	35.051062	2	0
KR	KR20-10	2	1	131.611137	133.014373	30.635759	32.434069	2	0
KR	KR20-11	2	1	127.76411	131.151667	27.187893	31.383388	2	0
KR	KR20-12	2	1	126.459187	138.145208	26.379776	34.515374	2	0
KR	KR20-13S	2	1	136.522568	139.337613	32.817568	34.82126	2	0
KR	KR21-02C	2	1	138.59148	138.689793	34.766112	35.038115	2	0
KR	KR21-06	2	1	136.511658	139.251649	33.533448	34.714207	2	0
KR	KR21-12C	2	1	133.295595	139.587619	32.989762	35.088205	2	0
KR	KR21-13	2	1	134.295509	139.743295	33.082728	35.159446	2	0
KR	KR21-15C	2	1	137.902802	139.862254	37.228815	40.80571	2	0
KR	KR21-16	2	1	139.212702	139.979186	33.072099	35.061197	2	0
KR	KR21-17C	2	1	138.609609	139.526837	34.61773	35.04929	2	0
KR	KR21-18C	2	1	139.11264	139.596064	34.982052	35.195893	2	0
KR	KR21-20	2	1	134.60995	138.190885	32.611628	34.542757	2	0
KR	KR21-E04	2	1	139.199364	139.599365	34.977334	35.077075	2	0
KR	KR04-12	1	1	139.325286	139.621562	34.989602	35.080118	1	0
KR	KR08-11	1	1	137.49073	137.692287	34.164227	34.397578	1	0
KR	KR08-12	1	1	136.336338	136.868733	33.4062	33.592787	1	0
KR	KR09-E02	1	1	138.554437	138.655768	34.684155	34.918797	1	0
KR	KR13-05	1	1	143.76613	144.159416	37.839123	38.048749	1	0
KR	KR14-03	1	1	139.112376	139.77531	34.910318	35.194061	1	0
KR	KR14-E04	1	1	139.501743	142.102365	33.426919	34.780247	1	0
KR	KR16-07	1	1	136.965406	137.008584	33.541972	33.594175	1	0
KR	KR17-02	1	1	138.615036	139.369047	34.584051	35.070726	1	0
KR	KR17-12	1	1	138.550972	138.636517	34.965542	35.03926	1	0
KR	KR18-02C	1	1	126.923325	139.531046	26.718233	34.95242	1	0
KR	KR18-05	1	1	138.318418	139.282203	34.51782	34.956046	1	0
KR	KR18-08	1	1	138.122307	141.756566	33.038885	34.99712	1	0
KR	KR18-10	1	1	138.581667	138.63306	34.964028	35.002677	1	0
KR	KR19-03	1	1	135.141568	139.237871	32.85417	34.898288	1	0
KR	KR19-08	1	1	138.464269	141.795197	33.333708	34.992393	1	0
KR	KR20-07	1	1	139.599831	141.722819	33.313173	34.762777	1	0
KR	KR20-E07	1	1	139.348679	139.383777	35.024084	35.0448	1	0
KR	KR21-08	1	1	139.510846	139.579149	34.611133	34.683217	1	0
KR	KR21-09	1	1	138.591306	138.672417	34.959454	35.015403	1	0
KR	KR21-11	1	1	138.56301	138.677472	34.976311	35.031964	1	0
KS	KS-22-J01	3	2	138.573555	139.773242	34.56688	35.169381	3	0
KS	KS-17-J09C	2	1	141.483425	143.58791	35.392128	39.953393	2	0
KS	KS-19-13	2	1	141.388918	145.821738	37.355573	39.55984	2	0
KS	KS-19-14	2	1	141.130964	145.301219	35.621016	39.655217	2	0
KS	KS-19-16	2	1	136.561346	137.110399	32.888412	33.732354	2	0
KS	KS-19-8	2	1	130.207412	134.825876	25.648296	28.371565	0	0
KS	KS-19-J01	2	1	136.172444	136.24984	33.503277	33.712566	2	0
KS	KS-19-J04	2	1	138.443367	141.513017	34.043219	34.989972	2	0
KS	KS-20-11	2	1	140.133136	145.351031	34.974768	42.817232	2	0
KS	KS-20-14	2	1	140.960103	145.489914	35.716502	38.85509	2	0
KS	KS-20-16	2	1	143.051153	146.397405	39.060734	42.831551	2	0
KS	KS-20-17	2	1	140.640453	142.183854	35.342095	37.560562	2	0
KS	KS-20-2	2	1	130.588088	139.270082	31.150911	34.962354	2	0
KS	KS-20-E01C	2	1	129.093901	134.81831	28.095325	33.757044	2	0
KS	KS-20-J06	2	1	135.161218	141.465858	33.225191	34.966174	0	0
KS	KS-20-J07	2	1	140.38764	141.269546	33.72431	34.548684	2	0
KS	KS-21-1	2	1	138.565679	139.757344	34.52699	35.109579	2	0
KS	KS-21-18	2	1	130.586595	139.584867	30.905566	34.99349	2	0
KS	KS-21-19	2	1	139.690833	141.103583	34.549628	35.317318	2	0
KS	KS-21-2	2	1	138.931679	142.148909	26.099212	35.176634	2	0
KS	KS-21-27	2	1	131.28245	138.364402	30.353164	34.441141	2	0
KS	KS-21-5	2	1	140.136259	146.378515	34.947575	42.420626	2	0
KS	KS-21-J04	2	1	138.313156	139.779729	34.124358	35.285627	2	0
KS	KS-21-J05	2	1	135.163897	139.13821	32.687426	34.785008	2	0
KS	KS-22-12	2	1	139.685115	141.60617	31.857437	34.863662	2	0
KS	KS-22-2	2	1	139.115068	139.777364	34.542819	35.186263	2	0
KS	KS-22-3	2	1	134.348524	137.193427	32.908952	33.769148	2	0
KS	KS-22-4	2	1	126.864567	136.301904	26.34089	33.635742	2	0
KS	KS-22-9	2	1	128.637844	139.191178	29.885402	35.014301	2	0
KS	KS-22-J02C	2	1	134.365915	139.210011	32.45309	34.989967	2	0
KS	KS-22-J03	2	1	135.080563	139.027047	32.825688	34.496574	2	0
KS	KS-22-J05	2	1	134.525351	138.326528	32.732952	34.199925	2	0
KS	KS-22-J06	2	1	135.362647	139.45014	33.095233	34.953324	2	0
KS	KS-16-J05	1	1	138.875512	139.085833	33.429812	33.515362	1	0
KS	KS-17-J07C	1	1	139.449319	139.598021	34.533737	34.645372	1	0
KS	KS-17-J08C	1	1	141.741629	141.992738	38.32413	38.526706	1	0
KS	KS-18-J04	1	1	136.165911	136.895968	32.839251	33.41792	1	0
KS	KS-18-J08	1	1	133.676025	139.388528	33.061778	35.142613	1	0
KS	KS-19-10	1	1	141.734193	146.018334	35.98609	42.656325	1	0
KS	KS-19-11	1	1	135.518597	140.477983	38.144651	42.023742	1	0
KS	KS-19-12	1	1	140.885426	146.456707	38.200328	42.674302	1	0
KS	KS-19-5	1	1	143.649114	145.009018	37.884504	38.156269	1	0
KS	KS-19-J05	1	1	137.077583	139.394092	34.346759	35.025907	1	0
KS	KS-20-1	1	1	139.209217	139.969551	32.093376	34.98505	1	0
KS	KS-20-18	1	1	140.660309	145.55986	40.519667	42.799235	1	0
KS	KS-20-J02	1	1	134.943843	136.962719	32.913082	34.049551	1	0
KS	KS-20-J03	1	1	138.509761	139.219654	34.585216	35.077814	1	0
KS	KS-21-10	1	1	135.874533	139.407666	32.821459	34.867746	1	0
KS	KS-21-11	1	1	133.144506	139.437406	29.96418	35.000838	1	0
KS	KS-21-12	1	1	131.573692	135.061291	35.064463	38.039635	1	0
KS	KS-21-13	1	1	135.008138	140.713123	36.995854	42.111463	1	0
KS	KS-21-14	1	1	139.633678	142.303889	34.818096	40.283228	1	0
KS	KS-21-15	1	1	127.596247	138.740938	25.982121	34.443017	1	0
KS	KS-21-4	1	1	139.753208	142.907895	34.853636	42.267366	1	0
KS	KS-21-6	1	1	139.635327	141.050184	41.34993	44.578715	1	0
KS	KS-21-7	1	1	141.343336	145.167949	38.207295	42.503256	1	0
KS	KS-21-8	1	1	139.107994	141.590761	34.863448	35.833946	1	0
KS	KS-21-9	1	1	133.356577	138.857722	28.017168	34.442895	1	0
KS	KS-21-J03	1	1	135.94155	139.071268	33.357626	34.60085	1	0
KS	KS-22-10	1	1	142.009233	148.80237	39.367505	42.841122	1	0
KS	KS-22-8	1	1	132.877915	139.089529	32.519615	34.65411	1	0
KS	KS-22-J04C	1	1	134.782659	137.091579	32.891411	34.059915	1	0
KY	KY09-01	56	3	89.809732	143.578711	-8.895356	35.040922	0	0
KY	KY13-02	35	1	136.010676	139.634464	33.03807	35.071973	35	0
KY	KY13-08	34	2	134.485897	139.73708	32.523336	35.085502	34	0
KY	KY10-13	33	1	137.058725	141.855559	20.028194	35.04654	33	0
KY	KY12-08	29	1	89.964151	139.41819	-8.107449	34.930489	0	2
KY	KY14-E02	28	2	141.057992	144.819846	35.80282	41.512625	28	0
KY	KY15-14	28	1	141.268482	145.147757	35.915943	41.24387	0	0
KY	KY08-03	27	3	136.231603	136.916252	32.865089	33.916575	0	0
KY	KY11-E05	27	1	140.989019	144.271376	35.668217	38.353462	27	0
KY	KY14-13	25	1	134.551981	139.436436	32.658142	35.009654	20	0
KY	KY03-01	24	2	140.999065	148.446503	15.360584	19.13477	24	0
KY	KY02-10	23	2	135.145827	156.529725	-2.73305	28.870622	23	0
KY	KY11-02	23	4	126.836642	141.063707	25.44675	35.072634	23	0
KY	KY11-11	23	1	137.750554	142.21221	22.944906	35.063907	23	0
KY	KY03-06	20	2	140.921328	148.525847	16.066487	19.738638	20	0
KY	KY04-11	20	1	135.148357	139.595146	32.88016	35.105141	20	0
KY	KY10-08	20	1	136.243204	138.737173	33.029245	34.546012	20	0
KY	KY12-01	20	2	134.21694	138.616454	32.119942	34.576368	0	20
KY	KY14-14	20	2	133.978357	139.402781	32.681957	35.10175	19	0
KY	KY05-11	18	1	136.134658	145.402745	30.008963	32.170071	18	0
KY	KY07-07	18	1	140.736236	143.002009	21.500052	30.658447	18	0
KY	KY07-15	18	1	140.62392	142.47991	24.141673	31.969397	18	0
KY	KY11-06	17	2	136.049409	139.273919	32.907888	34.827513	17	0
KY	KY00-12	16	2	-179.970191	179.967694	0.449786	10.936045	16	0
KY	KY06-13	16	2	136.01996	138.201038	32.480786	34.525116	16	0
KY	KY10-02	16	1	132.911859	134.611959	31.482567	33.053493	16	0
KY	KY12-09	16	1	134.244426	139.496021	32.595685	34.97551	16	0
KY	KY12-11	16	1	134.365293	139.590419	32.5928	35.011075	16	0
KY	KY13-09	16	1	140.460038	146.565701	32.232762	38.19015	16	0
KY	KY14-07	16	1	132.102647	139.149756	30.750584	34.515266	16	0
KY	KY14-11	16	2	134.508457	139.661932	32.738783	35.090273	16	0
KY	KY04-12	15	1	133.098592	142.98804	29.96045	34.979672	15	0
KY	KY10-10	15	1	141.271174	149.382192	35.669014	41.266973	15	0
KY	KY01-02	14	2	141.883903	150.0998	32.949041	38.081668	14	0
KY	KY03-10	14	1	138.985083	140.539438	30.16384	32.50311	14	0
KY	KY10-15	14	1	136.025315	139.671098	32.692618	35.051633	14	0
KY	KY02-09	13	2	134.050429	137.312324	32.868925	37.908321	13	0
KY	KY07-11	13	1	136.17892	137.05261	32.943826	33.980957	13	0
KY	KY08-02	13	1	138.71923	144.250506	25.677791	35.005583	13	0
KY	KY08-E04	13	1	137.832171	138.683268	29.195681	35.048123	13	0
KY	KY09-06	13	1	136.147692	148.276142	35.738088	41.773961	13	0
KY	KY09-09	13	2	89.933772	95.072423	-8.063028	4.965747	0	13
KY	KY10-05	13	1	137.699994	139.426086	21.803701	31.945701	13	0
KY	KY13-10	13	1	139.47375	146.765435	34.366553	37.441177	13	0
KY	KY14-05	13	1	141.246424	145.162262	35.48091	39.155806	0	0
KY	KY00-02	12	1	141.782701	144.57356	36.243399	40.533617	12	0
KY	KY00-09	12	1	139.118043	144.368685	33.005983	42.632925	12	0
KY	KY02-08	12	1	142.711345	143.794359	14.335836	21.803106	12	0
KY	KY04-14	12	1	135.91417	136.78768	33.171911	33.619334	12	0
KY	KY05-02	12	1	137.182208	143.388157	26.863635	27.499894	12	0
KY	KY09-03	12	1	139.963895	149.382119	34.851552	40.886127	12	0
KY	KY09-E01	12	1	131.573374	133.56542	30.729787	32.545202	12	0
KY	KY12-02	12	1	135.999144	139.49943	32.608421	34.98393	12	0
KY	KY12-16	12	1	138.937533	146.931215	25.550991	34.740995	12	0
KY	KY03-14	11	1	134.968222	137.732676	32.077369	33.186356	11	0
KY	KY05-01	11	1	123.814265	128.078051	24.043242	26.219824	11	0
KY	KY06-01	11	2	139.11776	139.587017	34.790422	35.264069	11	0
KY	KY06-10	11	1	133.557435	143.054795	29.933706	34.975024	11	0
KY	KY11-03	11	1	136.274342	139.521995	33.034199	34.993288	11	0
KY	KY00-08	10	1	138.820035	140.043944	33.551114	34.735886	10	0
KY	KY02-01	10	1	123.060441	124.856074	22.7734	24.263184	10	0
KY	KY04-07	10	2	143.923505	144.870666	41.078607	42.293248	10	0
KY	KY09-08	10	2	138.567655	142.595663	27.63402	31.814424	10	0
KY	KY10-07	10	1	135.881273	139.206852	32.662701	34.741363	10	0
KY	KY13-16	10	1	133.101753	139.541349	31.142814	35.054901	10	0
KY	KY14-03	10	1	123.383131	137.364286	23.546066	34.107065	10	0
KY	KY14-04	10	1	134.471228	138.230367	33.160139	34.568641	10	0
KY	KY14-09	10	1	140.327826	145.841143	27.970446	37.229868	10	0
KY	KY06-08	9	1	138.669634	141.16532	30.200053	33.289154	9	0
KY	KY11-07	9	2	135.053261	139.451956	33.290952	35.211325	9	0
KY	KY11-E02	9	1	139.2694	143.009543	27.535628	34.818826	9	0
KY	KY12-10	9	1	137.808375	142.36577	34.817906	41.643726	9	0
KY	KY12-14	9	1	136.125107	138.757398	32.786007	34.58686	9	0
KY	KY13-15	9	1	138.381925	139.579696	34.577449	35.153123	9	0
KY	KY13-E02	9	1	127.027929	138.826973	26.445027	34.497406	9	0
KY	KY02-11	8	3	122.637465	139.243017	24.113693	35.010404	8	0
KY	KY03-09	8	1	124.08486	134.249803	23.800687	33.183819	8	0
KY	KY08-04	8	1	135.692527	141.889093	31.566961	31.800197	8	0
KY	KY08-08	8	1	139.192311	141.026714	32.288153	32.511195	8	0
KY	KY10-12	8	1	135.14125	139.599226	33.384668	35.099581	8	0
KY	KY13-11	8	1	133.605702	139.037635	31.533932	34.485785	8	0
KY	KY03-ENG	7	1	134.987565	138.672379	32.79719	34.152386	7	0
KY	KY04-01	7	2	134.820709	137.238127	32.444378	33.610023	7	0
KY	KY04-13	7	1	136.008032	137.164735	32.034265	33.92221	7	0
KY	KY06-09	7	1	137.440792	142.626488	28.86707	30.164937	7	0
KY	KY07-06	7	1	135.991321	136.742004	33.335695	33.907213	7	0
KY	KY09-07	7	1	140.141654	146.732752	32.277864	38.106344	7	0
KY	KY09-10	7	1	139.786569	142.598654	27.866697	30.595261	7	0
KY	KY10-11	7	2	139.115215	139.44108	34.970295	35.052126	7	0
KY	KY12-13	7	1	139.637063	140.313006	30.529799	34.876164	7	0
KY	KY14-01	7	1	126.860936	139.361053	26.882011	35.005549	7	0
KY	KY03-11	6	1	136.557328	139.230112	33.666307	35.00819	6	0
KY	KY04-03	6	1	133.152879	134.516658	31.496875	32.865443	6	0
KY	KY04-04	6	1	129.939285	138.654378	31.251279	34.684821	6	0
KY	KY04-06	6	1	136.350533	136.739709	33.100046	34.036279	6	0
KY	KY05-08	6	1	137.857375	138.298808	37.229818	38.014033	6	0
KY	KY06-05	6	1	138.653509	141.16656	30.199591	33.326713	6	0
KY	KY06-14	6	1	138.638449	140.700832	31.406159	32.556641	6	0
KY	KY07-01	6	1	136.511592	137.64219	31.992557	32.734338	6	0
KY	KY07-14	6	1	139.258684	141.130231	34.566975	35.313831	6	0
KY	KY08-06	6	1	136.429764	137.0626	32.913356	33.548646	6	0
KY	KY09-02	6	1	135.621194	139.30762	33.39908	35.08173	6	0
KY	KY10-14	6	1	136.557813	141.091369	32.642962	35.005836	6	0
KY	KY11-08	6	1	136.514552	139.555525	33.454612	35.176462	6	0
KY	KY11-09	6	1	135.977568	139.540492	32.624374	34.957431	6	0
KY	KY13-03	6	1	139.123842	139.685813	34.988294	35.171827	6	0
KY	KY13-07	6	1	135.094757	141.859885	33.380846	34.848466	6	0
KY	KY00-05	5	1	143.071637	146.750953	41.724556	45.464253	5	0
KY	KY04-08	5	2	139.187691	140.197552	30.517887	35.184594	5	0
KY	KY05-07	5	1	139.989278	141.23896	25.845497	31.442902	5	0
KY	KY05-ENG	5	1	136.518712	138.649596	33.57634	34.863795	5	0
KY	KY06-04	5	1	136.02538	136.493295	33.526912	33.951279	5	0
KY	KY06-11	5	1	139.240336	140.508063	29.768531	35.077689	5	0
KY	KY06-12	5	1	133.158227	137.195271	29.979104	32.499086	5	0
KY	KY07-03	5	1	126.691205	127.085399	27.688441	27.898758	5	0
KY	KY08-01	5	2	126.7079614	127.0317866	27.6507749	27.9477756	5	0
KY	KY08-E03	5	1	141.081095	142.099454	27.326014	32.211518	5	0
KY	KY09-05	5	1	138.673697	141.341807	36.164484	42.12451	5	0
KY	KY11-E06	5	1	141.051666	142.225463	35.831159	41.184245	5	0
KY	KY12-07	5	1	135.049688	139.461205	33.277693	34.63245	5	0
KY	KY13-17	5	1	134.474083	138.541604	32.584034	34.566828	5	0
KY	KY15-08	5	1	141.470976	142.340429	37.486936	39.416166	5	0
KY	KY01-06	4	2	137.490808	138.85959	32.876004	34.602564	4	0
KY	KY02-02	4	1	136.480997	136.715509	33.553964	33.809679	4	0
KY	KY02-12	4	1	136.119145	139.291129	32.473503	35.03189	4	0
KY	KY03-08	4	1	125.71891	128.54925	24.130527	26.230825	4	0
KY	KY03-13	4	1	128.122857	130.631443	25.888329	30.098105	4	0
KY	KY04-02	4	1	123.45545	127.120355	24.530631	26.929925	4	0
KY	KY04-05	4	1	132.389811	134.311889	31.553236	32.868843	4	0
KY	KY04-09	4	1	138.976502	141.958951	39.528296	41.50533	4	0
KY	KY05-03	4	1	135.73659	137.689384	32.891606	34.210622	4	0
KY	KY06-02	4	1	137.442467	138.070007	33.848937	34.373664	4	0
KY	KY07-04	4	1	128.697273	129.448764	31.255205	31.780929	4	0
KY	KY07-08	4	1	136.561733	138.568231	33.700542	34.30013	4	0
KY	KY07-09	4	1	137.920121	139.011368	31.136781	32.101632	4	0
KY	KY08-11	4	1	136.551269	136.988431	33.011845	33.442541	4	0
KY	KY09-04	4	1	139.521231	140.384975	32.23709	34.743023	4	0
KY	KY10-03	4	1	136.234981	136.80736	33.357249	33.818007	4	0
KY	KY10-06	4	1	139.718139	140.4129983	32.352817	34.785228	4	0
KY	KY12-12	4	2	139.149216	139.725311	34.981598	35.117704	4	0
KY	KY12-15	4	1	136.572359	138.473437	33.488369	34.14231	4	0
KY	KY13-06	4	1	135.313056	139.190907	33.28428	34.906202	4	0
KY	KY15-01	4	1	138.57222	138.711967	34.615719	35.054019	4	0
KY	KY15-15	4	1	138.580033	140.387307	32.405912	35.057075	4	0
KY	KY00-11	3	1	138.61351	139.78062	34.745148	35.204397	3	0
KY	KY03-05	3	1	136.308654	136.798433	32.963507	33.286817	2	0
KY	KY04-10	3	1	138.57077	138.740573	34.706132	35.064324	3	0
KY	KY05-05	3	1	139.168138	139.716384	34.814256	35.23891	3	0
KY	KY05-06	3	1	139.082402	139.347577	34.612723	35.030892	3	0
KY	KY05-14	3	2	126.745502	136.950244	27.78423	33.634072	3	0
KY	KY06-07	3	1	136.772029	138.558456	33.5919	34.289813	3	0
KY	KY08-05	3	1	136.55572	138.55795	33.54257	34.287971	3	0
KY	KY10-01	3	1	138.53292	139.518242	34.5503	35.082396	3	0
KY	KY11-E07	3	1	138.612453	138.663321	34.795876	35.030367	3	0
KY	KY12-06	3	1	134.981592	139.282586	33.236819	34.869965	3	0
KY	KY13-01	3	1	139.175737	139.803467	34.989136	35.081711	3	0
KY	KY13-E05	3	1	140.412213	142.277695	34.912327	35.167513	3	0
KY	KY14-02	3	1	122.728027	126.027949	24.845157	25.611907	3	0
KY	KY14-16	3	1	138.591808	138.689101	34.770317	35.080999	3	0
KY	KY15-11	3	1	141.277926	143.488169	35.73153	38.474125	2	0
KY	KY15-12	3	1	139.214747	141.576149	33.411214	34.985188	3	0
KY	KY00-10	2	1	138.526042	139.200501	34.742142	34.86181	2	0
KY	KY01-11	2	1	141.91483	147.084615	-2.505831	0.021772	2	0
KY	KY05-04	2	1	138.625945	138.688897	35.012793	35.054847	2	0
KY	KY07-05	2	1	139.357899	141.844729	34.992382	36.127204	2	0
KY	KY07-12	2	1	144.440909	145.227717	32.24268	32.382921	2	0
KY	KY11-01	2	1	139.192372	139.584739	34.987145	35.151521	2	0
KY	KY14-06	2	1	136.527555	137.019505	32.961673	33.579129	2	0
KY	KY14-08	2	1	137.459339	139.546785	33.497146	35.023298	2	0
KY	KY15-07	2	1	139.628753	139.936362	31.949118	34.660842	2	0
KY	KY15-E04	2	1	140.005	140.357681	32.376648	32.834753	2	0
KY	KY01-10	1	1	122.667929	122.726628	24.822993	24.876739	1	0
KY	KY03-07	1	1	140.727819	140.831438	30.740147	30.8403	1	0
KY	KY05-10	1	1	138.582876	138.756084	35.048349	35.058854	1	0
KY	KY06-03	1	1	139.547974	139.614632	34.800695	34.922905	1	0
KY	KY06-06	1	1	138.58224	138.763722	34.664639	35.064744	1	0
KY	KY07-02	1	1	138.605797	138.68997	34.679451	35.056418	1	0
KY	KY10-04	1	1	139.122003	139.314208	34.990899	35.131102	1	0
KY	KY11-10	1	1	139.406691	139.68168	35.059644	35.09353	1	0
KY	KY13-13	1	1	139.731965	140.713426	34.827889	34.956863	1	0
KY	KY13-14	1	1	138.830387	139.724397	34.361318	34.994454	1	0
KY	KY15-02	1	1	139.337265	139.391721	35.06084	35.108156	1	0
KY	KY15-03	1	1	139.208411	139.220293	35.071343	35.118193	1	0
KY	KY15-E03	1	1	137.362012	137.421561	33.514455	33.569012	1	0
MR	MR06-05	88	3	76.974735	150.872797	-7.729966	40.285033	88	0
MR	MR04-08	66	2	133.701288	156.205669	-5.087528	40.950921	66	0
MR	MR02-K06	63	4	-179.780365	179.938536	-5.111015	39.600811	0	63
MR	MR03-K04	61	6	-75.848431	12903.4	-58.268235	-19.8376	29	0
MR	MR06-03	58	2	141.624569	165.16541	34.938061	51.072299	58	0
MR	MR05-03	53	3	88.057427	144.430815	-12.738975	42.527057	53	0
MR	MR01-K04	50	2	-180.020252	180.016957	29.94259	59.004081	48	0
MR	MR04-03	50	2	89.878001	142.712458	-12.785068	40.9449	50	0
MR	MR01-K05	47	4	89.864057	142.519702	-10.043756	41.154175	47	0
MR	MR01-K03	44	1	141.954437	170.508728	25.886564	50.090654	44	0
MR	MR06-04	44	2	-179.670801	170.298759	40.117517	68.506383	44	0
MR	MR00-K06	41	1	-163.687447	167.65532	41.006621	166.961347	35	0
MR	MR00-K08	41	1	-180.009594	179.72414	-0.188897	41.533028	40	0
MR	MR05-04	41	1	-179.85681	179.703157	34.979443	51.349167	41	0
MR	MR06-01	39	1	141.871086	156.163754	-5.070409	38.495376	39	0
MR	MR07-03	38	1	133.83867	156.754026	-5.090286	40.352117	38	0
MR	MR07-01	37	1	141.584252	155.284599	-0.034653	44.09042	37	0
MR	MR00-K07	35	4	89.721483	146.889982	-6.477473	41.360066	35	0
MR	MR00-K03	32	1	141.774557	159.959921	41.09556	49.771636	32	0
MR	MR00-K01	31	1	141.498114	165.565356	32.409462	50.053008	30	0
MR	MR04-05	28	1	-179.978131	179.947541	70.79671	76.587158	28	0
MR	MR02-K03	26	1	127.948379	150.118133	25.288165	41.428797	26	0
MR	MR07-05	25	1	-180.019997	179.87766	34.863692	57.052653	24	0
MR	MR02-K04	24	1	89.911538	142.524134	-9.758918	39.920215	24	0
MR	MR05-01	24	1	141.569675	165.163455	34.882789	51.11826	24	0
MR	MR02-K05	22	1	-166.791636	165.407865	38.932891	54.074776	22	0
MR	MR04-06	22	1	141.514821	165.705741	34.888527	51.435416	22	0
MR	MR04-07	21	1	141.991928	155.424547	-0.031936	40.466436	21	0
MR	MR04-02	20	1	134.546333	165.647037	32.015916	51.070951	20	0
MR	MR04-04	20	1	-179.722908	179.999973	34.92148	57.063314	20	0
MR	MR03-K03	19	1	89.933652	154.084907	-23.433236	6.435425	19	0
MR	MR00-K05	18	1	139.950238	152.652455	29.975677	41.342761	18	0
MR	MR04-01	15	1	110.71675	139.00852	-29.806008	32.831631	15	0
MR	MR01-K02	14	1	140.36895	152.537699	29.931092	41.541807	14	0
MR	MR03-K02	14	1	139.904854	171.753904	9.541129	34.805869	14	0
MR	MR00-K04	11	1	139.685287	142.862313	12.363916	40.502715	11	0
MR	MR02-K02	9	1	142.386156	156.014508	7.924591	41.279588	9	0
MR	MR07-04	6	1	-35.6375	10702.0	-35.6343	235.0475	0	0
MR	MR07-06	6	1	-35.6375	10702.0	-35.6343	235.0475	0	0
MR	MR05-02	3	1	0.0	5371.9	-4.0165	42.2568	0	0
XX		3009	743					0	0
