cruise_id	n_files	lon_min	lon_max	lat_min	lat_max	lon_center	lat_center	total_lines	n_keep	n_review	n_hv_review	n_exclude
MR06-05	88	76.974735	150.872797	-7.729966	40.285033	113.9	16.3	56631343.0	88	0	0	0
MR04-08	66	133.701288	156.205669	-5.087528	40.950921	145.0	17.9	53052862.0	66	0	0	0
MR02-K06	63	-179.780365	179.938536	-5.111015	39.600811	0.1	17.2	42089692.0	0	0	0	63
MR03-K04	61	-75.848431	12903.4	-58.268235	-19.8376	6413.8	-39.1	71351736.0	29	0	0	0
MR06-03	58	141.624569	165.16541	34.938061	51.072299	153.4	43.0	36011326.0	58	0	0	0
KY09-01	56	89.809732	143.578711	-8.895356	35.040922	116.7	13.1	29902250.0	0	0	56	0
MR05-03	53	88.057427	144.430815	-12.738975	42.527057	116.2	14.9	34533927.0	53	0	0	0
MR01-K04	50	-180.020252	180.016957	29.94259	59.004081	-0.0	44.5	36559427.0	48	0	0	0
MR04-03	50	89.878001	142.712458	-12.785068	40.9449	116.3	14.1	32415606.0	50	0	0	0
MR01-K05	47	89.864057	142.519702	-10.043756	41.154175	116.2	15.6	33343976.0	47	0	0	0
MR01-K03	44	141.954437	170.508728	25.886564	50.090654	156.2	38.0	26844689.0	44	0	0	0
MR06-04	44	-179.670801	170.298759	40.117517	68.506383	-4.7	54.3	43061790.0	44	0	0	0
MR00-K06	41	-163.687447	167.65532	41.006621	166.961347	2.0	104.0	48686503.0	35	0	0	0
MR00-K08	41	-180.009594	179.72414	-0.188897	41.533028	-0.1	20.7	27161380.0	40	0	0	0
MR05-04	41	-179.85681	179.703157	34.979443	51.349167	-0.1	43.2	25271537.0	41	0	0	0
MR06-01	39	141.871086	156.163754	-5.070409	38.495376	149.0	16.7	27709581.0	39	0	0	0
MR07-03	38	133.83867	156.754026	-5.090286	40.352117	145.3	17.6	29125865.0	38	0	0	0
MR07-01	37	141.584252	155.284599	-0.034653	44.09042	148.4	22.0	21701256.0	37	0	0	0
KY13-02	35	136.010676	139.634464	33.03807	35.071973	137.8	34.1	5782342.0	35	0	0	0
MR00-K07	35	89.721483	146.889982	-6.477473	41.360066	118.3	17.4	21331919.0	35	0	0	0
KR10-10	34	135.4786276	142.256712	35.554988	41.645156	138.9	38.6	57851931.0	34	0	0	0
KY13-08	34	134.485897	139.73708	32.523336	35.085502	137.1	33.8	9355189.0	34	0	0	0
KY10-13	33	137.058725	141.855559	20.028194	35.04654	139.5	27.5	10462714.0	33	0	0	0
MR00-K03	32	141.774557	159.959921	41.09556	49.771636	150.9	45.4	12901755.0	32	0	0	0
KR11-05	32	139.680261	145.491384	26.707449	39.940007	142.6	33.3	20274391.0	32	0	0	0
MR00-K01	31	141.498114	165.565356	32.409462	50.053008	153.5	41.2	11521713.0	30	0	1	0
KR10-09	30	140.096898	150.264566	34.355957	41.451515	145.2	37.9	29390937.0	30	0	0	0
KR12-20	29	139.970041	145.29938	34.389136	38.311313	142.6	36.4	11382828.0	29	0	0	0
KR11-09	29	134.639751	139.28722	31.891504	34.845013	137.0	33.4	17984749.0	29	0	0	0
KY12-08	29	89.964151	139.41819	-8.107449	34.930489	114.7	13.4	13211377.0	0	0	27	2
MR04-05	28	-179.978131	179.947541	70.79671	76.587158	-0.0	73.7	42069662.0	28	0	0	0
KY15-14	28	141.268482	145.147757	35.915943	41.24387	143.2	38.6	7414532.0	0	28	0	0
KY14-E02	28	141.057992	144.819846	35.80282	41.512625	142.9	38.7	9662959.0	28	0	0	0
KY11-E05	27	140.989019	144.271376	35.668217	38.353462	142.6	37.0	6892789.0	27	0	0	0
KY08-03	27	136.231603	136.916252	32.865089	33.916575	136.6	33.4	5938435.0	0	0	27	0
MR02-K03	26	127.948379	150.118133	25.288165	41.428797	139.0	33.4	21018832.0	26	0	0	0
MR07-05	25	-180.019997	179.87766	34.863692	57.052653	-0.1	46.0	13629338.0	24	0	0	0
KR07-09	25	134.357332	143.615866	27.827227	34.411016	139.0	31.1	17754658.0	25	0	0	0
KR10-11	25	133.978726	139.633326	31.641998	35.055171	136.8	33.3	26379225.0	25	0	0	0
KY14-13	25	134.551981	139.436436	32.658142	35.009654	137.0	33.8	9723335.0	20	5	0	0
MR05-01	24	141.569675	165.163455	34.882789	51.11826	153.4	43.0	11490940.0	24	0	0	0
KY03-01	24	140.999065	148.446503	15.360584	19.13477	144.7	17.2	11030501.0	24	0	0	0
MR02-K04	24	89.911538	142.524134	-9.758918	39.920215	116.2	15.1	16196580.0	24	0	0	0
KR11-03	24	133.621744	139.523733	18.419052	34.996135	136.6	26.7	8775085.0	24	0	0	0
KY02-10	23	135.145827	156.529725	-2.73305	28.870622	145.8	13.1	8162620.0	23	0	0	0
KR11-08	23	136.803872	143.871665	35.906774	41.359751	140.3	38.6	22313898.0	23	0	0	0
KY11-02	23	126.836642	141.063707	25.44675	35.072634	134.0	30.3	9156750.0	23	0	0	0
KY11-11	23	137.750554	142.21221	22.944906	35.063907	140.0	29.0	8282099.0	23	0	0	0
KR07-06	23	141.122325	155.043	33.37379	40.056463	148.1	36.7	6312360.0	23	0	0	0
MR02-K05	22	-166.791636	165.407865	38.932891	54.074776	-0.7	46.5	9700585.0	22	0	0	0
MR04-06	22	141.514821	165.705741	34.888527	51.435416	153.6	43.2	17291123.0	22	0	0	0
KR08-10	22	142.417622	147.163568	38.488498	40.687457	144.8	39.6	6896166.0	22	0	0	0
KR13-06	21	141.063066	145.221277	35.769822	39.204165	143.1	37.5	5354841.0	19	2	0	0
KR06-14	21	126.945873	150.668089	18.749457	34.813767	138.8	26.8	10005840.0	21	0	0	0
KR10-12	21	139.991746	147.178593	34.680513	40.317817	143.6	37.5	13590422.0	21	0	0	0
MR04-07	21	141.991928	155.424547	-0.031936	40.466436	148.7	20.2	12036445.0	21	0	0	0
MR04-04	20	-179.722908	179.999973	34.92148	57.063314	0.1	46.0	12611905.0	20	0	0	0
KY04-11	20	135.148357	139.595146	32.88016	35.105141	137.4	34.0	7002892.0	20	0	0	0
KR05-16	20	134.180867	145.080218	20.625337	32.079622	139.6	26.4	11913236.0	20	0	0	0
MR04-02	20	134.546333	165.647037	32.015916	51.070951	150.1	41.5	10493496.0	20	0	0	0
KR10-13	20	138.351393	143.82707	26.836013	35.070182	141.1	31.0	14843531.0	20	0	0	0
KR04-14	20	125.51829	136.021536	17.947002	24.582833	130.8	21.3	5473997.0	20	0	0	0
KY03-06	20	140.921328	148.525847	16.066487	19.738638	144.7	17.9	9489231.0	20	0	0	0
KY14-14	20	133.978357	139.402781	32.681957	35.10175	136.7	33.9	6338020.0	19	1	0	0
KY10-08	20	136.243204	138.737173	33.029245	34.546012	137.5	33.8	3578180.0	20	0	0	0
KY12-01	20	134.21694	138.616454	32.119942	34.576368	136.4	33.3	4871311.0	0	0	0	20
KR05-04	20	139.618788	146.711748	34.779051	42.741751	143.2	38.8	11230822.0	20	0	0	0
KR10-08	19	139.791508	156.294892	34.770772	40.585092	148.0	37.7	7204549.0	19	0	0	0
KR05-06	19	135.572499	141.99024	21.033611	31.53681	138.8	26.3	12565622.0	19	0	0	0
KR07-13	19	136.60872	143.5526	27.473914	29.488911	140.1	28.5	11933893.0	19	0	0	0
MR03-K03	19	89.933652	154.084907	-23.433236	6.435425	122.0	-8.5	17350617.0	19	0	0	0
KY07-15	18	140.62392	142.47991	24.141673	31.969397	141.6	28.1	13245242.0	18	0	0	0
KY05-11	18	136.134658	145.402745	30.008963	32.170071	140.8	31.1	9201693.0	18	0	0	0
KR11-E03	18	141.865614	145.320323	36.954762	39.938632	143.6	38.4	17609141.0	18	0	0	0
KR09-14	18	132.459305	136.912561	31.066957	33.375822	134.7	32.2	19708196.0	18	0	0	0
KR05-14	18	126.922581	150.67724	15.681059	30.732536	138.8	23.2	8708671.0	18	0	0	0
KR06-07	18	136.727767	143.485074	24.008478	29.683845	140.1	26.8	18496439.0	18	0	0	0
MR00-K05	18	139.950238	152.652455	29.975677	41.342761	146.3	35.7	7394374.0	18	0	0	0
KY07-07	18	140.736236	143.002009	21.500052	30.658447	141.9	26.1	15128380.0	18	0	0	0
KR07-03	18	138.001643	145.260181	24.009342	34.458391	141.6	29.2	14643761.0	18	0	0	0
KY11-06	17	136.049409	139.273919	32.907888	34.827513	137.7	33.9	4827740.0	17	0	0	0
KR08-15	17	126.957843	150.814044	18.768455	34.744007	138.9	26.8	7693443.0	17	0	0	0
KR11-01	17	139.422563	144.020402	25.286117	35.124458	141.7	30.2	7703485.0	14	0	3	0
KR11-10	17	140.007254	165.551191	28.67867	38.274847	152.8	33.5	4797350.0	17	0	0	0
KR01-12	17	-157.900839	-154.02397	16.941274	21.492216	-156.0	19.2	5363678.0	17	0	0	0
KR12-18	16	134.669743	139.202204	19.094491	34.662677	136.9	26.9	3646642.0	16	0	0	0
KY14-11	16	134.508457	139.661932	32.738783	35.090273	137.1	33.9	7672489.0	16	0	0	0
KY14-07	16	132.102647	139.149756	30.750584	34.515266	135.6	32.6	6142363.0	16	0	0	0
KY00-12	16	-179.970191	179.967694	0.449786	10.936045	-0.0	5.7	4843742.0	16	0	0	0
KY12-09	16	134.244426	139.496021	32.595685	34.97551	136.9	33.8	4727091.0	16	0	0	0
KY12-11	16	134.365293	139.590419	32.5928	35.011075	137.0	33.8	3350382.0	16	0	0	0
KR03-10	16	-179.712021	179.87554	34.798185	49.90146	0.1	42.3	8524188.0	16	0	0	0
KR02-01	16	142.235662	145.045886	18.503697	26.670136	143.6	22.6	4615660.0	0	0	16	0
KY10-02	16	132.911859	134.611959	31.482567	33.053493	133.8	32.3	4691724.0	16	0	0	0
KY13-09	16	140.460038	146.565701	32.232762	38.19015	143.5	35.2	3430827.0	16	0	0	0
KY06-13	16	136.01996	138.201038	32.480786	34.525116	137.1	33.5	7516207.0	16	0	0	0
KR03-13	16	142.531697	145.505875	12.431007	23.001327	144.0	17.7	7286012.0	16	0	0	0
MR04-01	15	110.71675	139.00852	-29.806008	32.831631	124.9	1.5	9299352.0	15	0	0	0
KR12-01	15	125.314843	139.595264	23.793564	35.040386	132.5	29.4	8398439.0	14	0	1	0
KR12-14	15	153.130134	159.940786	37.897167	41.223841	156.5	39.6	4131380.0	15	0	0	0
KY10-10	15	141.271174	149.382192	35.669014	41.266973	145.3	38.5	2390249.0	15	0	0	0
KY04-12	15	133.098592	142.98804	29.96045	34.979672	138.0	32.5	5282510.0	15	0	0	0
KR04-15	15	133.620935	144.925767	26.46131	33.765885	139.3	30.1	6958000.0	15	0	0	0
KR06-15	15	139.879178	147.811535	12.972859	34.440999	143.8	23.7	5192678.0	0	0	15	0
KR10-07	14	138.406191	141.853445	31.78739	35.182431	140.1	33.5	5585806.0	14	0	0	0
KR05-01	14	145.531737	157.286216	-4.441516	25.041688	151.4	10.3	10051741.0	14	0	0	0
KR03-12	14	144.446562	145.22211	16.494068	18.507997	144.8	17.5	5161283.0	14	0	0	0
KR04-01	14	139.067339	139.870289	32.924701	34.679663	139.5	33.8	13256714.0	14	0	0	0
KR08-09	14	136.630483	140.978267	31.858876	33.788347	138.8	32.8	15317071.0	14	0	0	0
KY03-10	14	138.985083	140.539438	30.16384	32.50311	139.8	31.3	9265400.0	14	0	0	0
MR03-K02	14	139.904854	171.753904	9.541129	34.805869	155.8	22.2	7985660.0	14	0	0	0
KR01-11	14	-179.743075	179.963948	28.46604	42.289445	0.1	35.4	5714315.0	14	0	0	0
MR01-K02	14	140.36895	152.537699	29.931092	41.541807	146.5	35.7	7796980.0	14	0	0	0
KR04-08	14	141.841079	152.984497	35.070276	39.554849	147.4	37.3	4825267.0	14	0	0	0
KY01-02	14	141.883903	150.0998	32.949041	38.081668	146.0	35.5	4514475.0	14	0	0	0
KR12-12	14	135.277555	139.137585	32.357223	34.516053	137.2	33.4	9024357.0	14	0	0	0
KY10-15	14	136.025315	139.671098	32.692618	35.051633	137.8	33.9	2745358.0	14	0	0	0
KR02-16	13	138.490465	140.990761	30.261403	32.508831	139.7	31.4	9932510.0	13	0	0	0
KR03-01	13	136.853844	139.967182	15.084524	20.849167	138.4	18.0	3734963.0	13	0	0	0
KR11-E05	13	141.176131	145.209534	35.911171	41.431261	143.2	38.7	9591047.0	13	0	0	0
KY02-09	13	134.050429	137.312324	32.868925	37.908321	135.7	35.4	4643795.0	13	0	0	0
KY09-09	13	89.933772	95.072423	-8.063028	4.965747	92.5	-1.5	8633476.0	0	0	0	13
KY13-10	13	139.47375	146.765435	34.366553	37.441177	143.1	35.9	3664544.0	13	0	0	0
KY09-06	13	136.147692	148.276142	35.738088	41.773961	142.2	38.8	6928097.0	13	0	0	0
KY10-05	13	137.699994	139.426086	21.803701	31.945701	138.6	26.9	4352460.0	13	0	0	0
KR10-05	13	156.809431	157.553104	-5.528168	-0.39535	157.2	-3.0	13740691.0	13	0	0	0
KR13-08	13	142.022854	144.935818	35.8001	39.345746	143.5	37.6	2707018.0	13	0	0	0
KR08-16	13	131.510624	133.978934	30.662422	32.619651	132.7	31.6	15051871.0	13	0	0	0
KR04-04	13	138.636883	140.283908	29.942682	34.361055	139.5	32.2	11536499.0	13	0	0	0
KR03-04	13	124.265392	136.313732	18.616811	26.114402	130.3	22.4	4409347.0	13	0	0	0
KR06-05	13	137.245626	139.383472	27.125513	32.30102	138.3	29.7	10541398.0	13	0	0	0
KY08-E04	13	137.832171	138.683268	29.195681	35.048123	138.3	32.1	4239788.0	13	0	0	0
KY14-05	13	141.246424	145.162262	35.48091	39.155806	143.2	37.3	2317919.0	0	13	0	0
KY07-11	13	136.17892	137.05261	32.943826	33.980957	136.6	33.5	4911275.0	13	0	0	0
KY08-02	13	138.71923	144.250506	25.677791	35.005583	141.5	30.3	5350626.0	13	0	0	0
KY12-16	12	138.937533	146.931215	25.550991	34.740995	142.9	30.1	4000404.0	12	0	0	0
KY05-02	12	137.182208	143.388157	26.863635	27.499894	140.3	27.2	4931357.0	12	0	0	0
KY04-14	12	135.91417	136.78768	33.171911	33.619334	136.4	33.4	7247726.0	12	0	0	0
KY09-03	12	139.963895	149.382119	34.851552	40.886127	144.7	37.9	4409557.0	12	0	0	0
KY12-02	12	135.999144	139.49943	32.608421	34.98393	137.7	33.8	3592234.0	12	0	0	0
KY00-02	12	141.782701	144.57356	36.243399	40.533617	143.2	38.4	4271971.0	12	0	0	0
KY09-E01	12	131.573374	133.56542	30.729787	32.545202	132.6	31.6	8289633.0	12	0	0	0
KY00-09	12	139.118043	144.368685	33.005983	42.632925	141.7	37.8	3189765.0	12	0	0	0
KY02-08	12	142.711345	143.794359	14.335836	21.803106	143.3	18.1	3087728.0	12	0	0	0
KR12-16	12	140.879303	145.094029	35.522831	39.774028	143.0	37.6	6926218.0	12	0	0	0
KR09-06	12	146.390484	149.771394	37.431865	42.046523	148.1	39.7	5049459.0	12	0	0	0
KR07-05	11	141.136113	144.293982	35.713471	40.518304	142.7	38.1	10877958.0	11	0	0	0
KR03-07	11	144.10183	150.592247	36.927024	39.91199	147.3	38.4	3599279.0	11	0	0	0
KR06-03	11	141.977096	151.417322	35.676533	40.61122	146.7	38.1	2785697.0	11	0	0	0
KR10-06	11	137.717151	142.372454	30.836183	34.939657	140.0	32.9	3311650.0	11	0	0	0
MR00-K04	11	139.685287	142.862313	12.363916	40.502715	141.3	26.4	9887128.0	11	0	0	0
KY06-10	11	133.557435	143.054795	29.933706	34.975024	138.3	32.5	2266003.0	11	0	0	0
KY05-01	11	123.814265	128.078051	24.043242	26.219824	125.9	25.1	5428980.0	11	0	0	0
KR13-09	11	141.104708	159.916113	34.841904	41.245385	150.5	38.0	4650462.0	11	0	0	0
KY06-01	11	139.11776	139.587017	34.790422	35.264069	139.4	35.0	6296567.0	11	0	0	0
KR08-04	11	138.492016	141.47136	31.332988	35.48479	140.0	33.4	10113824.0	11	0	0	0
KR02-14	11	141.33932	148.846175	13.982041	22.001683	145.1	18.0	4499656.0	11	0	0	0
KR02-13	11	140.903353	143.965422	9.94585	12.532715	142.4	11.2	2827672.0	11	0	0	0
KY11-03	11	136.274342	139.521995	33.034199	34.993288	137.9	34.0	2182164.0	11	0	0	0
KY03-14	11	134.968222	137.732676	32.077369	33.186356	136.4	32.6	4353628.0	11	0	0	0
KR07-12	11	128.721432	135.077969	31.225733	39.612088	131.9	35.4	7461232.0	11	0	0	0
KR06-01	11	139.208164	142.820887	21.010372	24.785084	141.0	22.9	5845330.0	11	0	0	0
KR13-01	10	141.150322	144.682887	35.874935	38.217269	142.9	37.0	2982071.0	10	0	0	0
KY10-07	10	135.881273	139.206852	32.662701	34.741363	137.5	33.7	3048437.0	10	0	0	0
KY00-08	10	138.820035	140.043944	33.551114	34.735886	139.4	34.1	7990620.0	10	0	0	0
KR11-07	10	140.884005	160.024231	35.141423	41.169649	150.5	38.2	3388836.0	9	0	1	0
KR12-15	10	141.591251	144.445432	36.00991	40.013572	143.0	38.0	5593491.0	8	0	2	0
KR13-07	10	138.06471	143.263006	27.529063	34.759737	140.7	31.1	4671888.0	10	0	0	0
KY13-16	10	133.101753	139.541349	31.142814	35.054901	136.3	33.1	3399269.0	10	0	0	0
KY09-08	10	138.567655	142.595663	27.63402	31.814424	140.6	29.7	4345355.0	10	0	0	0
KY04-07	10	143.923505	144.870666	41.078607	42.293248	144.4	41.7	2979159.0	10	0	0	0
KR05-10	10	139.700439	152.956946	34.838437	41.521017	146.3	38.2	5970534.0	10	0	0	0
KR05-17	10	142.653477	150.427903	17.259358	20.015223	146.5	18.6	4291766.0	9	0	1	0
KY02-01	10	123.060441	124.856074	22.7734	24.263184	124.0	23.5	8266144.0	10	0	0	0
KR06-13	10	136.920391	142.258365	20.862103	29.990029	139.6	25.4	6964016.0	10	0	0	0
KR09-09	10	136.073217	138.248802	37.447701	39.115309	137.2	38.3	14894349.0	10	0	0	0
KY14-09	10	140.327826	145.841143	27.970446	37.229868	143.1	32.6	2648701.0	10	0	0	0
KY14-03	10	123.383131	137.364286	23.546066	34.107065	130.4	28.8	4072563.0	10	0	0	0
KR02-06	10	132.051849	144.111061	31.765986	42.449119	138.1	37.1	10649158.0	10	0	0	0
KR02-08	10	142.691145	160.436316	38.215636	41.545631	151.6	39.9	4046557.0	10	0	0	0
KY14-04	10	134.471228	138.230367	33.160139	34.568641	136.4	33.9	3649654.0	10	0	0	0
KR11-11	9	139.650229	143.942718	28.921054	34.882354	141.8	31.9	3280202.0	0	0	9	0
KY13-E02	9	127.027929	138.826973	26.445027	34.497406	132.9	30.5	5289944.0	9	0	0	0
KR12-07	9	139.114871	142.754485	34.862137	42.477313	140.9	38.7	7016164.0	9	0	0	0
KR12-08	9	140.978727	144.843528	35.846113	42.406354	142.9	39.1	6370067.0	9	0	0	0
KR02-07	9	142.138397	145.164585	38.436731	42.659585	143.7	40.5	4896951.0	9	0	0	0
KY06-08	9	138.669634	141.16532	30.200053	33.289154	139.9	31.7	5505846.0	9	0	0	0
KY13-15	9	138.381925	139.579696	34.577449	35.153123	139.0	34.9	2200885.0	9	0	0	0
KY12-14	9	136.125107	138.757398	32.786007	34.58686	137.4	33.7	892711.0	9	0	0	0
MR02-K02	9	142.386156	156.014508	7.924591	41.279588	149.2	24.6	4141872.0	9	0	0	0
KY11-07	9	135.053261	139.451956	33.290952	35.211325	137.3	34.3	2429904.0	9	0	0	0
KR02-15	9	140.514125	153.926119	33.838438	40.485638	147.2	37.2	639338.0	9	0	0	0
KY12-10	9	137.808375	142.36577	34.817906	41.643726	140.1	38.2	3936908.0	9	0	0	0
KY11-E02	9	139.2694	143.009543	27.535628	34.818826	141.1	31.2	3666287.0	9	0	0	0
KR11-02	9	139.038307	140.581025	31.829674	35.027515	139.8	33.4	5225303.0	0	0	9	0
KR12-03	8	126.983345	139.653147	26.544318	35.030879	133.3	30.8	6585801.0	8	0	0	0
KY08-08	8	139.192311	141.026714	32.288153	32.511195	140.1	32.4	3810973.0	8	0	0	0
KY08-04	8	135.692527	141.889093	31.566961	31.800197	138.8	31.7	4374871.0	8	0	0	0
KR05-05	8	132.771552	139.659488	25.388396	35.050762	136.2	30.2	3942957.0	8	0	0	0
KY10-12	8	135.14125	139.599226	33.384668	35.099581	137.4	34.2	2077284.0	8	0	0	0
KY13-11	8	133.605702	139.037635	31.533932	34.485785	136.3	33.0	2619914.0	8	0	0	0
KR02-09	8	142.402702	145.299107	35.808511	40.119762	143.9	38.0	1042677.0	8	0	0	0
KY03-09	8	124.08486	134.249803	23.800687	33.183819	129.2	28.5	1817052.0	8	0	0	0
KR06-16	8	147.934861	151.795847	-0.222287	5.267767	149.9	2.5	3548795.0	8	0	0	0
KR11-E01	8	139.182962	141.86596	31.80678	35.078572	140.5	33.4	2334896.0	8	0	0	0
KY02-11	8	122.637465	139.243017	24.113693	35.010404	130.9	29.6	5066341.0	8	0	0	0
KR08-07	8	141.13069	143.372858	26.641677	32.848939	142.3	29.7	2647096.0	8	0	0	0
KR02-12	7	134.560338	137.067928	18.62072	25.802995	135.8	22.2	1130908.0	7	0	0	0
KY03-ENG	7	134.987565	138.672379	32.79719	34.152386	136.8	33.5	1624129.0	7	0	0	0
KY14-01	7	126.860936	139.361053	26.882011	35.005549	133.1	30.9	4066011.0	7	0	0	0
KY06-09	7	137.440792	142.626488	28.86707	30.164937	140.0	29.5	2238480.0	7	0	0	0
KY09-07	7	140.141654	146.732752	32.277864	38.106344	143.4	35.2	1703952.0	7	0	0	0
KY12-13	7	139.637063	140.313006	30.529799	34.876164	140.0	32.7	1973046.0	7	0	0	0
KY04-13	7	136.008032	137.164735	32.034265	33.92221	136.6	33.0	3499720.0	7	0	0	0
KY10-11	7	139.115215	139.44108	34.970295	35.052126	139.3	35.0	651178.0	7	0	0	0
KY09-10	7	139.786569	142.598654	27.866697	30.595261	141.2	29.2	3519504.0	7	0	0	0
KR11-04	7	134.408454	138.369783	32.304969	34.115442	136.4	33.2	1544459.0	0	0	7	0
KR09-05	7	135.028457	137.378698	19.244553	32.946308	136.2	26.1	2653017.0	7	0	0	0
KR09-08	7	136.060482	136.935377	32.883843	33.913111	136.5	33.4	5359974.0	7	0	0	0
KR09-04	7	141.401469	143.082754	27.485877	33.078907	142.2	30.3	2206725.0	7	0	0	0
KR05-15	7	135.417265	140.29648	-0.414871	3.023531	137.9	1.3	4078716.0	7	0	0	0
KR04-10	7	140.495715	143.447329	27.363334	34.297104	142.0	30.8	2266819.0	7	0	0	0
KY07-06	7	135.991321	136.742004	33.335695	33.907213	136.4	33.6	2215679.0	7	0	0	0
KY04-01	7	134.820709	137.238127	32.444378	33.610023	136.0	33.0	2275454.0	7	0	0	0
KR07-08	7	141.899866	160.044548	37.039026	42.073459	151.0	39.6	3289546.0	7	0	0	0
KR12-11	7	134.989124	142.941233	29.101189	34.901318	139.0	32.0	3885957.0	0	0	7	0
KR11-E04	7	140.136958	143.987679	34.908561	38.670258	142.1	36.8	5794617.0	7	0	0	0
KR11-06	7	135.203183	142.064858	33.275757	35.24152	138.6	34.3	2789538.0	7	0	0	0
KR13-04	7	141.255922	144.010796	36.174448	39.177717	142.6	37.7	2927987.0	7	0	0	0
KY04-06	6	136.350533	136.739709	33.100046	34.036279	136.5	33.6	3419584.0	6	0	0	0
KY13-07	6	135.094757	141.859885	33.380846	34.848466	138.5	34.1	2226567.0	6	0	0	0
KY13-03	6	139.123842	139.685813	34.988294	35.171827	139.4	35.1	416715.0	6	0	0	0
KR15-11	6	128.943085	139.163334	28.497603	38.179218	134.1	33.3	2488534.0	6	0	0	0
KY04-03	6	133.152879	134.516658	31.496875	32.865443	133.8	32.2	1839787.0	6	0	0	0
KY08-06	6	136.429764	137.0626	32.913356	33.548646	136.7	33.2	3983861.0	6	0	0	0
KY07-14	6	139.258684	141.130231	34.566975	35.313831	140.2	34.9	1593848.0	6	0	0	0
KY06-14	6	138.638449	140.700832	31.406159	32.556641	139.7	32.0	2325011.0	6	0	0	0
KY07-01	6	136.511592	137.64219	31.992557	32.734338	137.1	32.4	1139125.0	6	0	0	0
KR05-07	6	142.508024	144.102334	37.904916	38.594222	143.3	38.2	4066828.0	6	0	0	0
KY05-08	6	137.857375	138.298808	37.229818	38.014033	138.1	37.6	1722615.0	6	0	0	0
KM20-02	6	133.981369	144.543546	30.602579	39.118804	139.3	34.9	3417896.0	6	0	0	0
KY06-05	6	138.653509	141.16656	30.199591	33.326713	139.9	31.8	4272355.0	6	0	0	0
KR09-12	6	134.866364	137.024439	32.297967	33.117477	135.9	32.7	721490.0	6	0	0	0
KR09-07	6	139.507095	143.751961	33.436394	35.016688	141.6	34.2	2516555.0	6	0	0	0
KR07-07	6	142.789059	145.423538	37.594519	38.789145	144.1	38.2	1927409.0	6	0	0	0
KR12-05	6	138.535678	139.525095	34.550923	35.179726	139.0	34.9	3615495.0	0	0	6	0
MR07-06	6	-35.6375	10702.0	-35.6343	235.0475	5333.2	99.7	3805082.0	0	0	0	0
MR07-04	6	-35.6375	10702.0	-35.6343	235.0475	5333.2	99.7	3805082.0	0	0	0	0
KR12-04	6	137.129922	139.777101	33.836287	35.021292	138.5	34.4	5500503.0	6	0	0	0
KY04-04	6	129.939285	138.654378	31.251279	34.684821	134.3	33.0	2679541.0	6	0	0	0
KY09-02	6	135.621194	139.30762	33.39908	35.08173	137.5	34.2	2884003.0	6	0	0	0
KY03-11	6	136.557328	139.230112	33.666307	35.00819	137.9	34.3	242872.0	6	0	0	0
KR04-11	6	141.786207	142.542044	26.795211	28.004765	142.2	27.4	3319912.0	4	0	2	0
KR09-02	6	136.527701	136.722416	33.194145	33.337575	136.6	33.3	1138587.0	6	0	0	0
KR05-11	6	139.559647	140.136819	31.675472	32.202049	139.8	31.9	6633905.0	6	0	0	0
KR04-07	6	139.206846	139.530449	34.905998	35.207604	139.4	35.1	2671378.0	6	0	0	0
KR08-E03	6	139.527829	141.882821	28.818321	32.172752	140.7	30.5	4041603.0	6	0	0	0
KR11-12	6	134.619808	139.649533	32.168334	35.077084	137.1	33.6	2482327.0	6	0	0	0
KY10-14	6	136.557813	141.091369	32.642962	35.005836	138.8	33.8	1417974.0	6	0	0	0
KR13-03	6	136.919154	139.63357	25.269825	34.861571	138.3	30.1	1695818.0	6	0	0	0
KR12-17	6	134.620523	139.623969	31.911972	35.049242	137.1	33.5	1182259.0	6	0	0	0
KY11-09	6	135.977568	139.540492	32.624374	34.957431	137.8	33.8	2307137.0	6	0	0	0
KY11-08	6	136.514552	139.555525	33.454612	35.176462	138.0	34.3	1263621.0	6	0	0	0
KR04-09	6	138.404487	144.363111	34.117392	40.151611	141.4	37.1	2012801.0	6	0	0	0
KY06-11	5	139.240336	140.508063	29.768531	35.077689	139.9	32.4	1041554.0	5	0	0	0
KY06-12	5	133.158227	137.195271	29.979104	32.499086	135.2	31.2	658408.0	5	0	0	0
KY13-17	5	134.474083	138.541604	32.584034	34.566828	136.5	33.6	2443491.0	5	0	0	0
KY08-E03	5	141.081095	142.099454	27.326014	32.211518	141.6	29.8	2474073.0	5	0	0	0
KY07-03	5	126.691205	127.085399	27.688441	27.898758	126.9	27.8	2749674.0	5	0	0	0
KY08-01	5	126.7079614	127.0317866	27.6507749	27.9477756	126.9	27.8	829701.0	5	0	0	0
KY15-08	5	141.470976	142.340429	37.486936	39.416166	141.9	38.5	2247421.0	5	0	0	0
KR06-06	5	134.250496	136.746714	18.442146	32.999735	135.5	25.7	1489475.0	5	0	0	0
KR10-E01	5	136.949018	139.62735	25.775259	34.837279	138.3	30.3	2997102.0	5	0	0	0
KR05-03	5	126.986994	128.240795	23.936551	25.980456	127.6	25.0	321292.0	5	0	0	0
KR16-05	5	153.35894	164.818114	-28.037071	-14.603252	159.1	-21.3	5885878.0	5	0	0	0
KR12-02	5	126.803988	127.759243	26.51541	28.006945	127.3	27.3	3387045.0	0	0	5	0
KR09-17	5	144.059307	150.106192	38.254348	39.194395	147.1	38.7	1378806.0	5	0	0	0
KR10-02	5	126.614724	129.668853	27.541451	31.862109	128.1	29.7	6141499.0	5	0	0	0
KR09-16	5	143.048494	147.261888	37.92762	40.324644	145.2	39.1	1640623.0	5	0	0	0
KY09-05	5	138.673697	141.341807	36.164484	42.12451	140.0	39.1	1787044.0	5	0	0	0
KR12-19	5	141.449629	142.854773	35.771983	37.298368	142.2	36.5	762047.0	5	0	0	0
KR13-02	5	149.957687	154.223003	21.612598	23.550183	152.1	22.6	1335687.0	5	0	0	0
KY00-05	5	143.071637	146.750953	41.724556	45.464253	144.9	43.6	3911000.0	5	0	0	0
KY11-E06	5	141.051666	142.225463	35.831159	41.184245	141.6	38.5	858092.0	5	0	0	0
KY12-07	5	135.049688	139.461205	33.277693	34.63245	137.3	34.0	1509476.0	5	0	0	0
KY06-04	5	136.02538	136.493295	33.526912	33.951279	136.3	33.7	420312.0	5	0	0	0
KY05-ENG	5	136.518712	138.649596	33.57634	34.863795	137.6	34.2	473712.0	5	0	0	0
KY05-07	5	139.989278	141.23896	25.845497	31.442902	140.6	28.6	2984438.0	5	0	0	0
KY04-08	5	139.187691	140.197552	30.517887	35.184594	139.7	32.9	3611833.0	5	0	0	0
KR02-03	5	131.38059	135.685792	18.652446	22.706408	133.5	20.7	2384934.0	5	0	0	0
KY07-04	4	128.697273	129.448764	31.255205	31.780929	129.1	31.5	2333591.0	4	0	0	0
KY08-11	4	136.551269	136.988431	33.011845	33.442541	136.8	33.2	1706423.0	4	0	0	0
KM17-07	4	139.965612	146.131443	0.0004	41.582159	143.0	20.8	6004253.0	4	0	0	0
KM17-05	4	141.350755	146.761642	35.642369	41.517927	144.1	38.6	6746042.0	4	0	0	0
KM18-07C	4	126.097489	137.548084	25.853523	34.017698	131.8	29.9	1354959.0	4	0	0	0
KY07-09	4	137.920121	139.011368	31.136781	32.101632	138.5	31.6	530933.0	4	0	0	0
KY07-08	4	136.561733	138.568231	33.700542	34.30013	137.6	34.0	276805.0	4	0	0	0
KR01-07	4	134.306394	135.245388	32.169336	33.468148	134.8	32.8	886998.0	4	0	0	0
KY10-03	4	136.234981	136.80736	33.357249	33.818007	136.5	33.6	764184.0	4	0	0	0
KY09-04	4	139.521231	140.384975	32.23709	34.743023	140.0	33.5	2502473.0	4	0	0	0
KY10-06	4	139.718139	140.4129983	32.352817	34.785228	140.1	33.6	1944283.0	4	0	0	0
KM18-10	4	134.860476	138.775927	31.932674	34.31176	136.8	33.1	3116816.0	4	0	0	0
KY15-01	4	138.57222	138.711967	34.615719	35.054019	138.6	34.8	262232.0	4	0	0	0
KM21-07	4	131.752465	138.715803	30.793608	34.435737	135.2	32.6	2381638.0	4	0	0	0
KY04-09	4	138.976502	141.958951	39.528296	41.50533	140.5	40.5	156666.0	4	0	0	0
KY05-03	4	135.73659	137.689384	32.891606	34.210622	136.7	33.6	1328456.0	4	0	0	0
KY04-05	4	132.389811	134.311889	31.553236	32.868843	133.4	32.2	3793740.0	4	0	0	0
KR10-03	4	122.623641	124.275435	23.981531	25.00549	123.4	24.5	2465757.0	4	0	0	0
KR06-09	4	142.297127	144.571728	32.570516	34.425186	143.4	33.5	478388.0	4	0	0	0
KR03-05	4	134.41842	136.857666	31.995179	32.964884	135.6	32.5	714547.0	4	0	0	0
KR05-09	4	137.667391	139.245736	41.589337	43.937202	138.5	42.8	936713.0	4	0	0	0
KR04-13	4	139.295528	140.087933	31.101455	34.518829	139.7	32.8	6396947.0	4	0	0	0
KR05-13	4	134.487609	138.161039	32.263729	34.28537	136.3	33.3	2401251.0	4	0	0	0
KR12-06	4	138.348687	139.114312	34.531948	35.034307	138.7	34.8	4038965.0	4	0	0	0
KR09-10	4	139.337175	141.499494	34.401721	35.108735	140.4	34.8	3150670.0	4	0	0	0
KR10-01	4	139.199718	139.54916	34.955368	35.224904	139.4	35.1	3712137.0	4	0	0	0
KR09-11	4	135.029217	137.378465	25.509399	30.216568	136.2	27.9	687692.0	4	0	0	0
KR04-05	4	135.988803	139.61351	32.347239	35.038848	137.8	33.7	2079786.0	4	0	0	0
KY03-13	4	128.122857	130.631443	25.888329	30.098105	129.4	28.0	484230.0	4	0	0	0
KY01-06	4	137.490808	138.85959	32.876004	34.602564	138.2	33.7	3012200.0	4	0	0	0
KR10-E04	4	139.792618	144.396552	34.780451	39.180866	142.1	37.0	2270210.0	4	0	0	0
KR10-E03	4	140.100579	143.22896	29.911689	34.099407	141.7	32.0	969799.0	4	0	0	0
KY03-08	4	125.71891	128.54925	24.130527	26.230825	127.1	25.2	85466.0	4	0	0	0
KR05-08	4	144.099332	160.480701	38.45041	41.560712	152.3	40.0	1013392.0	4	0	0	0
KY15-15	4	138.580033	140.387307	32.405912	35.057075	139.5	33.7	1548953.0	4	0	0	0
KR19-E03	4	133.664501	139.815276	31.905845	35.020407	136.7	33.5	2222567.0	4	0	0	0
KY12-15	4	136.572359	138.473437	33.488369	34.14231	137.5	33.8	577031.0	4	0	0	0
KY13-06	4	135.313056	139.190907	33.28428	34.906202	137.3	34.1	995950.0	4	0	0	0
KR17-04	4	140.56352	146.762907	35.134581	38.297068	143.7	36.7	4260464.0	4	0	0	0
KY12-12	4	139.149216	139.725311	34.981598	35.117704	139.4	35.0	390296.0	4	0	0	0
KR16-01	4	138.972434	154.021923	20.089612	35.01473	146.5	27.6	4454746.0	4	0	0	0
KR12-13	4	139.212794	141.622303	33.552371	36.853116	140.4	35.2	2303015.0	4	0	0	0
KY02-12	4	136.119145	139.291129	32.473503	35.03189	137.7	33.8	721868.0	4	0	0	0
KY02-02	4	136.480997	136.715509	33.553964	33.809679	136.6	33.7	249255.0	4	0	0	0
KY04-02	4	123.45545	127.120355	24.530631	26.929925	125.3	25.7	2417828.0	4	0	0	0
KY06-02	4	137.442467	138.070007	33.848937	34.373664	137.8	34.1	553919.0	4	0	0	0
KM16-08	4	139.681158	142.656586	32.315416	34.83105	141.2	33.6	2187434.0	4	0	0	0
KR01-15	3	139.799646	140.936941	28.441807	32.153236	140.4	30.3	1160850.0	3	0	0	0
KR20-03	3	135.196296	141.879097	33.253566	35.054709	138.5	34.2	734315.0	3	0	0	0
KY08-05	3	136.55572	138.55795	33.54257	34.287971	137.6	33.9	141929.0	3	0	0	0
KY06-07	3	136.772029	138.558456	33.5919	34.289813	137.7	33.9	175246.0	3	0	0	0
MR05-02	3	0.0	5371.9	-4.0165	42.2568	2686.0	19.1	2081268.0	0	0	0	0
KR02-10	3	134.927909	137.50194	32.300441	32.937809	136.2	32.6	401807.0	3	0	0	0
KY10-01	3	138.53292	139.518242	34.5503	35.082396	139.0	34.8	1198969.0	3	0	0	0
KY15-11	3	141.277926	143.488169	35.73153	38.474125	142.4	37.1	1434966.0	2	1	0	0
KR17-15C	3	153.698612	162.490199	-27.988789	-26.026186	158.1	-27.0	5777302.0	3	0	0	0
KR09-01	3	135.605678	138.549188	31.995166	33.930306	137.1	33.0	1127850.0	3	0	0	0
KR09-15	3	136.354475	136.816599	33.010862	33.330587	136.6	33.2	858240.0	3	0	0	0
KR08-03	3	136.630711	141.924451	33.249595	34.356688	139.3	33.8	71615.0	3	0	0	0
KR03-08	3	145.951415	160.129444	39.934897	41.185795	153.0	40.6	125904.0	3	0	0	0
KY00-11	3	138.61351	139.78062	34.745148	35.204397	139.2	35.0	362755.0	3	0	0	0
KY03-05	3	136.308654	136.798433	32.963507	33.286817	136.6	33.1	603920.0	2	0	1	0
KR17-14	3	-157.103327	-149.407982	22.615751	25.186602	-153.3	23.9	3584455.0	3	0	0	0
KY13-01	3	139.175737	139.803467	34.989136	35.081711	139.5	35.0	177357.0	3	0	0	0
KS-22-J01	3	138.573555	139.773242	34.56688	35.169381	139.2	34.9	40017.0	3	0	0	0
KY11-E07	3	138.612453	138.663321	34.795876	35.030367	138.6	34.9	129841.0	3	0	0	0
KR17-11	3	138.542412	141.772851	33.080758	35.033051	140.2	34.1	457392.0	3	0	0	0
KY12-06	3	134.981592	139.282586	33.236819	34.869965	137.1	34.1	1293325.0	3	0	0	0
KY14-02	3	122.728027	126.027949	24.845157	25.611907	124.4	25.2	954070.0	3	0	0	0
KY13-E05	3	140.412213	142.277695	34.912327	35.167513	141.3	35.0	440872.0	3	0	0	0
KY15-12	3	139.214747	141.576149	33.411214	34.985188	140.4	34.2	1290932.0	3	0	0	0
KY14-16	3	138.591808	138.689101	34.770317	35.080999	138.6	34.9	145404.0	3	0	0	0
KY05-14	3	126.745502	136.950244	27.78423	33.634072	131.8	30.7	530860.0	3	0	0	0
KY04-10	3	138.57077	138.740573	34.706132	35.064324	138.7	34.9	581452.0	3	0	0	0
KY05-05	3	139.168138	139.716384	34.814256	35.23891	139.4	35.0	1258369.0	3	0	0	0
KY05-06	3	139.082402	139.347577	34.612723	35.030892	139.2	34.8	2735037.0	3	0	0	0
KM19-E01	2	128.147821	138.658987	28.013632	34.200756	133.4	31.1	1663576.0	2	0	0	0
KR16-E01	2	138.419617	139.702555	34.094237	34.896548	139.1	34.5	97247.0	2	0	0	0
KM16-09	2	138.499936	139.784014	31.939194	35.032698	139.1	33.5	306005.0	2	0	0	0
KY15-E04	2	140.005	140.357681	32.376648	32.834753	140.2	32.6	438042.0	2	0	0	0
KM22-06	2	133.307873	138.958029	32.611306	34.696191	136.1	33.7	386340.0	2	0	0	0
KM20-E01C	2	138.096703	144.137982	34.01658	38.320428	141.1	36.2	1024258.0	2	0	0	0
KM20-E02	2	140.021893	147.000373	34.861068	42.593897	143.5	38.7	2863780.0	2	0	0	0
KM21-01	2	133.685923	142.2313	32.906926	35.004408	138.0	34.0	906474.0	2	0	0	0
KM21-04	2	139.672893	146.09713	34.75632	42.529193	142.9	38.6	3767661.0	2	0	0	0
KM21-05	2	129.468911	139.107814	30.388168	34.699625	134.3	32.5	1429255.0	2	0	0	0
KM21-11	2	134.989407	139.311483	32.854607	35.026123	137.2	33.9	467139.0	2	0	0	0
KM21-12	2	135.031852	138.561195	32.846042	34.562833	136.8	33.7	452464.0	2	0	0	0
KY05-04	2	138.625945	138.688897	35.012793	35.054847	138.7	35.0	45873.0	2	0	0	0
KM19-MSB-E01C	2	139.674381	142.992629	31.785114	35.031492	141.3	33.4	1225311.0	2	0	0	0
KM20-01	2	136.833616	139.809106	32.628151	35.018606	138.3	33.8	479826.0	2	0	0	0
KM20-05	2	131.378991	139.604269	30.327998	34.866542	135.5	32.6	3153359.0	2	0	0	0
KM20-09	2	138.355085	139.634741	34.526693	35.051423	139.0	34.8	79655.0	2	0	0	0
KM20-10C	2	138.354056	139.696384	30.605343	35.040298	139.0	32.8	563686.0	2	0	0	0
KM20-11	2	139.475032	142.040289	26.954348	34.783188	140.8	30.9	552375.0	2	0	0	0
KM16-04	2	138.356328	141.291755	33.704919	35.109309	139.8	34.4	546268.0	2	0	0	0
KM16-05	2	138.511311	139.695892	33.542901	34.961512	139.1	34.3	174696.0	2	0	0	0
KM16-06	2	139.220761	142.263536	34.870144	36.28196	140.7	35.6	381743.0	2	0	0	0
KM16-07	2	138.376018	140.002523	31.981744	35.05586	139.2	33.5	370201.0	2	0	0	0
KY14-06	2	136.527555	137.019505	32.961673	33.579129	136.8	33.3	438000.0	2	0	0	0
KY14-08	2	137.459339	139.546785	33.497146	35.023298	138.5	34.3	1261100.0	2	0	0	0
KM16-10	2	138.382399	139.900997	32.08601	35.040778	139.1	33.6	382267.0	2	0	0	0
KM17-02	2	134.048032	138.654305	31.79172	33.966366	136.4	32.9	215018.0	2	0	0	0
KR16-18	2	128.009692	132.457841	26.892595	30.921624	130.2	28.9	1024659.0	2	0	0	0
KR16-E03	2	136.507073	142.379661	32.629636	34.079138	139.4	33.4	597772.0	2	0	0	0
KR16-E04	2	137.657983	142.39015	34.275941	35.171753	140.0	34.7	410048.0	2	0	0	0
KR16-E06	2	124.448473	130.467378	23.752977	30.70357	127.5	27.2	737939.0	2	0	0	0
KR17-05C	2	139.198639	139.494707	35.044367	35.102033	139.3	35.1	11665.0	2	0	0	0
KR16-08	2	131.493933	140.093261	31.45303	38.044979	135.8	34.7	2008096.0	2	0	0	0
KR16-10	2	131.368137	134.834229	30.112305	33.541988	133.1	31.8	673048.0	2	0	0	0
KR16-11	2	135.516291	139.808317	32.743687	35.021546	137.7	33.9	573875.0	2	0	0	0
KR16-12	2	139.276567	140.028423	31.829294	35.01388	139.7	33.4	306309.0	2	0	0	0
KR16-13	2	139.478908	153.621662	22.454102	34.8425	146.6	28.6	1684588.0	2	0	0	0
KR16-15	2	126.780127	127.108389	27.378013	27.841096	126.9	27.6	60166.0	2	0	0	0
KR16-16	2	122.876196	129.978423	24.47979	30.75608	126.4	27.6	1098884.0	2	0	0	0
KR16-17	2	126.808374	130.551236	26.803128	30.931497	128.7	28.9	211105.0	2	0	0	0
KR21-02C	2	138.59148	138.689793	34.766112	35.038115	138.6	34.9	17478.0	2	0	0	0
KR21-06	2	136.511658	139.251649	33.533448	34.714207	137.9	34.1	173556.0	2	0	0	0
KR21-12C	2	133.295595	139.587619	32.989762	35.088205	136.4	34.0	296437.0	2	0	0	0
KR21-13	2	134.295509	139.743295	33.082728	35.159446	137.0	34.1	305654.0	2	0	0	0
KR17-09	2	134.869225	139.358361	29.920009	35.098885	137.1	32.5	892462.0	2	0	0	0
KR17-10	2	140.571048	144.894891	35.042209	37.727524	142.7	36.4	1943545.0	2	0	0	0
KR17-13	2	-179.999371	179.999729	21.391083	34.789808	0.0	28.1	5926650.0	2	0	0	0
KS-22-12	2	139.685115	141.60617	31.857437	34.863662	140.6	33.4	461906.0	2	0	0	0
KS-22-2	2	139.115068	139.777364	34.542819	35.186263	139.4	34.9	83831.0	2	0	0	0
KS-22-3	2	134.348524	137.193427	32.908952	33.769148	135.8	33.3	362688.0	2	0	0	0
KS-22-4	2	126.864567	136.301904	26.34089	33.635742	131.6	30.0	546668.0	2	0	0	0
KS-22-9	2	128.637844	139.191178	29.885402	35.014301	133.9	32.4	510211.0	2	0	0	0
KS-22-J02C	2	134.365915	139.210011	32.45309	34.989967	136.8	33.7	291440.0	2	0	0	0
KS-21-J04	2	138.313156	139.779729	34.124358	35.285627	139.0	34.7	102946.0	2	0	0	0
KS-21-J05	2	135.163897	139.13821	32.687426	34.785008	137.2	33.7	298123.0	2	0	0	0
KS-21-18	2	130.586595	139.584867	30.905566	34.99349	135.1	32.9	515278.0	2	0	0	0
KR13-11	2	140.256746	144.856385	34.823713	40.227252	142.6	37.5	2218718.0	2	0	0	0
KR13-12	2	140.828873	147.344519	34.932702	40.186952	144.1	37.6	3942983.0	2	0	0	0
KR13-13	2	139.216142	142.51489	33.42244	35.057246	140.9	34.2	473934.0	2	0	0	0
KR13-14	2	128.005511	142.042121	25.940096	33.843581	135.0	29.9	2725545.0	2	0	0	0
KR13-15	2	129.076633	134.879623	25.713148	33.754628	132.0	29.7	1259864.0	2	0	0	0
KR13-16	2	139.20545	142.941542	33.714043	35.100614	141.1	34.4	738139.0	2	0	0	0
KR15-21	2	128.92916	139.066914	27.708114	34.633902	134.0	31.2	1620276.0	2	0	0	0
KR15-E01	2	139.659224	153.757621	22.330107	34.816698	146.7	28.6	3082521.0	2	0	0	0
KR15-E02	2	139.774544	141.62427	33.890065	34.860989	140.7	34.4	261972.0	2	0	0	0
KR16-03	2	126.386877	139.157658	26.273566	34.845157	132.8	30.6	475289.0	2	0	0	0
KR16-04	2	153.884406	166.070455	-25.536388	6.662692	160.0	-9.4	3572973.0	2	0	0	0
KR15-13	2	139.414901	141.763352	33.317082	35.158436	140.6	34.2	267063.0	2	0	0	0
KR15-14	2	140.022321	156.11942	34.875972	38.930678	148.1	36.9	2556076.0	2	0	0	0
KR15-15	2	140.577507	144.120397	35.131296	38.143201	142.3	36.6	279160.0	1	0	1	0
KR15-16	2	123.632663	127.573009	24.169805	27.041988	125.6	25.6	1055750.0	2	0	0	0
KS-21-19	2	139.690833	141.103583	34.549628	35.317318	140.4	34.9	194928.0	2	0	0	0
KS-21-2	2	138.931679	142.148909	26.099212	35.176634	140.5	30.6	1080027.0	2	0	0	0
KS-21-27	2	131.28245	138.364402	30.353164	34.441141	134.8	32.4	549605.0	2	0	0	0
KS-21-5	2	140.136259	146.378515	34.947575	42.420626	143.3	38.7	1284611.0	2	0	0	0
KS-20-J06	2	135.161218	141.465858	33.225191	34.966174	138.3	34.1	441993.0	0	0	2	0
KS-20-J07	2	140.38764	141.269546	33.72431	34.548684	140.8	34.1	133559.0	2	0	0	0
KS-21-1	2	138.565679	139.757344	34.52699	35.109579	139.2	34.8	79712.0	2	0	0	0
KY00-10	2	138.526042	139.200501	34.742142	34.86181	138.9	34.8	308265.0	2	0	0	0
KY01-11	2	141.91483	147.084615	-2.505831	0.021772	144.5	-1.2	53102.0	2	0	0	0
KS-22-J03	2	135.080563	139.027047	32.825688	34.496574	137.1	33.7	505661.0	2	0	0	0
KS-22-J05	2	134.525351	138.326528	32.732952	34.199925	136.4	33.5	535465.0	2	0	0	0
KS-22-J06	2	135.362647	139.45014	33.095233	34.953324	137.4	34.0	257435.0	2	0	0	0
KR13-17	2	133.66496	139.550306	32.772826	35.014604	136.6	33.9	588528.0	2	0	0	0
KR13-18	2	123.367676	139.69371	21.732119	35.05213	131.5	28.4	3625945.0	2	0	0	0
KR13-19	2	138.969603	139.93371	31.938639	35.221278	139.5	33.6	297283.0	2	0	0	0
KR14-01	2	139.637709	142.674433	10.192498	34.845184	141.2	22.5	647470.0	2	0	0	0
KR14-02	2	139.209709	155.105386	15.149541	35.14596	147.2	25.1	4081531.0	2	0	0	0
KR14-05	2	132.654673	139.280439	30.650924	34.847121	136.0	32.7	2114673.0	2	0	0	0
KR21-16	2	139.212702	139.979186	33.072099	35.061197	139.6	34.1	184923.0	2	0	0	0
KR21-17C	2	138.609609	139.526837	34.61773	35.04929	139.1	34.8	25343.0	2	0	0	0
KR21-18C	2	139.11264	139.596064	34.982052	35.195893	139.4	35.1	38178.0	2	0	0	0
KR21-20	2	134.60995	138.190885	32.611628	34.542757	136.4	33.6	857355.0	2	0	0	0
KR21-E04	2	139.199364	139.599365	34.977334	35.077075	139.4	35.0	17261.0	2	0	0	0
KR15-17	2	126.954307	127.890278	26.3047	27.875207	127.4	27.1	112295.0	2	0	0	0
KR15-18	2	122.906955	128.81665	22.981506	26.328849	125.9	24.7	1141682.0	2	0	0	0
KR15-19	2	131.106085	140.933749	26.020281	34.574107	136.0	30.3	1882376.0	2	0	0	0
KR15-20	2	138.532436	139.748795	31.636693	35.042012	139.1	33.3	284552.0	2	0	0	0
KR15-01	2	139.850848	143.001909	33.61462	34.83534	141.4	34.2	954999.0	2	0	0	0
KR15-03	2	134.133491	141.066447	19.274957	35.025237	137.6	27.2	3758958.0	2	0	0	0
KR15-04	2	134.588022	138.876978	32.25237	34.519959	136.7	33.4	424166.0	2	0	0	0
KR15-06	2	135.271593	141.737768	33.250795	35.019423	138.5	34.1	552561.0	2	0	0	0
KR15-08	2	136.13131	139.442713	32.767711	34.950609	137.8	33.9	515256.0	2	0	0	0
KR15-09	2	138.519596	139.572861	34.312118	35.083986	139.0	34.7	43595.0	2	0	0	0
KR15-10	2	134.925757	142.298	35.758203	41.626782	138.6	38.7	553748.0	2	0	0	0
KR14-07	2	140.287696	166.687525	33.950388	39.347257	153.5	36.6	6339899.0	2	0	0	0
KR14-08	2	133.038016	140.324824	35.780135	41.328852	136.7	38.6	1971046.0	2	0	0	0
KR14-09	2	139.218344	144.744114	34.774821	39.176933	142.0	37.0	839737.0	2	0	0	0
KR14-10	2	139.791355	165.500863	28.984504	41.087755	152.6	35.0	7547682.0	2	0	0	0
KR14-E02	2	140.859275	148.247206	35.345057	38.308467	144.6	36.8	1709452.0	2	0	0	0
KR14-E03	2	141.127008	144.630563	36.255043	39.692864	142.9	38.0	1660891.0	2	0	0	0
KR14-E05	2	134.330103	139.660968	32.813883	35.037599	137.0	33.9	456475.0	2	0	0	0
KR18-03C	2	123.724149	133.474295	24.789993	32.864785	128.6	28.8	660874.0	2	0	0	0
KR18-04	2	133.919618	137.123205	32.141959	34.292005	135.5	33.2	438235.0	2	0	0	0
KR18-06C	2	136.977414	140.136565	41.402687	43.613559	138.6	42.5	2300512.0	2	0	0	0
KR18-07	2	135.521207	141.900786	32.938524	35.078609	138.7	34.0	525781.0	2	0	0	0
KR17-06	2	141.041287	143.795608	35.620349	38.123742	142.4	36.9	586299.0	2	0	0	0
KR17-07C	2	139.862221	144.690198	33.901809	34.853914	142.3	34.4	774750.0	2	0	0	0
KR17-08C	2	132.168615	143.277759	11.274767	35.096052	137.7	23.2	2313528.0	2	0	0	0
KR14-06	2	139.680382	171.061034	27.379089	34.978485	155.4	31.2	9390752.0	2	0	0	0
KR09-03	2	139.171278	139.274473	34.935263	35.039879	139.2	35.0	144539.0	2	0	0	0
KR12-09	2	139.161259	139.809739	34.211384	35.029836	139.5	34.6	721974.0	2	0	0	0
KR06-12	2	143.076031	149.452504	16.014849	20.025764	146.3	18.0	498078.0	2	0	0	0
KR07-14	2	143.350882	144.378763	39.053201	40.167382	143.9	39.6	321825.0	2	0	0	0
KR07-15	2	136.296125	136.938329	33.270838	33.712639	136.6	33.5	1867852.0	2	0	0	0
KR08-02	2	135.255407	135.660627	32.306672	32.799921	135.5	32.6	440253.0	2	0	0	0
KR08-05	2	142.578853	142.827425	11.281162	11.458666	142.7	11.4	65816.0	2	0	0	0
KY11-01	2	139.192372	139.584739	34.987145	35.151521	139.4	35.1	234710.0	2	0	0	0
KM22-07	2	140.968875	146.652024	36.465748	42.518813	143.8	39.5	3229193.0	2	0	0	0
KM22-10	2	135.05649	139.179398	32.355398	34.745596	137.1	33.6	2346350.0	2	0	0	0
KM19-02	2	132.473633	142.104795	32.501753	35.014171	137.3	33.8	1167531.0	2	0	0	0
KM19-03	2	141.6471	144.946969	35.882425	40.022875	143.3	38.0	2825311.0	2	0	0	0
KM19-07	2	139.355636	142.882571	34.117764	36.162687	141.1	35.1	1436259.0	2	0	0	0
KM19-09	2	134.256934	139.590741	32.064218	35.030477	136.9	33.5	922463.0	2	0	0	0
KR19-04	2	135.268838	139.322911	33.287613	35.006521	137.3	34.1	39571.0	2	0	0	0
KR19-05	2	139.714563	154.586485	24.076517	35.020046	147.2	29.5	2491155.0	2	0	0	0
KR19-06C	2	135.457325	140.819153	38.795022	41.609911	138.1	40.2	848641.0	2	0	0	0
KR19-07	2	142.073052	147.26508	38.496207	42.827306	144.7	40.7	3364742.0	2	0	0	0
KR19-09	2	134.990994	138.792822	32.67022	34.461547	136.9	33.6	556757.0	2	0	0	0
KR19-10C	2	130.825061	132.468077	29.769963	32.365411	131.6	31.1	511594.0	2	0	0	0
KR19-11	2	130.094887	130.57415	30.49534	31.055499	130.3	30.8	61101.0	2	0	0	0
KR18-09	2	138.963409	140.731849	28.512564	35.062254	139.8	31.8	852731.0	2	0	0	0
KR18-11C	2	140.007011	159.124237	18.566447	34.844969	149.6	26.7	5797452.0	2	0	0	0
KR18-12C	2	132.087074	139.374613	31.534699	34.922886	135.7	33.2	1144307.0	2	0	0	0
KR19-01	2	134.415713	139.285348	32.333432	34.853532	136.9	33.6	419435.0	2	0	0	0
KR19-02C	2	128.302495	139.610663	27.21986	35.001631	134.0	31.1	1572624.0	2	0	0	0
KS-20-11	2	140.133136	145.351031	34.974768	42.817232	142.7	38.9	1032438.0	2	0	0	0
KS-20-14	2	140.960103	145.489914	35.716502	38.85509	143.2	37.3	1428460.0	2	0	0	0
KS-20-16	2	143.051153	146.397405	39.060734	42.831551	144.7	40.9	728452.0	2	0	0	0
KS-20-17	2	140.640453	142.183854	35.342095	37.560562	141.4	36.5	175008.0	2	0	0	0
KS-20-2	2	130.588088	139.270082	31.150911	34.962354	134.9	33.1	106302.0	2	0	0	0
KS-20-E01C	2	129.093901	134.81831	28.095325	33.757044	132.0	30.9	467966.0	2	0	0	0
KS-19-14	2	141.130964	145.301219	35.621016	39.655217	143.2	37.6	1295534.0	2	0	0	0
KS-19-16	2	136.561346	137.110399	32.888412	33.732354	136.8	33.3	88478.0	2	0	0	0
KS-19-8	2	130.207412	134.825876	25.648296	28.371565	132.5	27.0	737945.0	0	2	0	0
KS-19-J01	2	136.172444	136.24984	33.503277	33.712566	136.2	33.6	16914.0	2	0	0	0
KS-19-J04	2	138.443367	141.513017	34.043219	34.989972	140.0	34.5	284696.0	2	0	0	0
KS-17-J09C	2	141.483425	143.58791	35.392128	39.953393	142.5	37.7	527037.0	2	0	0	0
KS-19-13	2	141.388918	145.821738	37.355573	39.55984	143.6	38.5	691824.0	2	0	0	0
KR21-15C	2	137.902802	139.862254	37.228815	40.80571	138.9	39.0	104974.0	2	0	0	0
KM21-13C	2	134.494641	137.812316	32.729686	34.035752	136.2	33.4	472184.0	2	0	0	0
KM21-E04C	2	138.526893	139.695223	29.158892	34.01568	139.1	31.6	475130.0	2	0	0	0
KM22-01	2	129.992144	138.12796	30.553176	34.352231	134.1	32.5	419656.0	2	0	0	0
KM22-02	2	126.406727	138.536131	24.407203	34.504254	132.5	29.5	2758751.0	2	0	0	0
KM22-05	2	141.370051	145.215844	36.655328	41.775129	143.3	39.2	1829884.0	2	0	0	0
KM18-01	2	129.547241	138.966235	26.416261	34.408495	134.3	30.4	3944406.0	2	0	0	0
KM18-02C	2	139.169008	140.111667	32.08727	33.949014	139.6	33.0	144120.0	2	0	0	0
KM18-04C	2	126.371104	138.115596	26.290007	33.898327	132.2	30.1	2969408.0	2	0	0	0
KM18-05C	2	140.980836	142.822936	35.297121	40.292242	141.9	37.8	522143.0	2	0	0	0
KM18-06	2	140.244824	149.773301	34.94024	38.031312	145.0	36.5	6164425.0	2	0	0	0
KM18-08C	2	127.040033	139.697295	26.30274	35.036258	133.4	30.7	2918559.0	2	0	0	0
KY15-07	2	139.628753	139.936362	31.949118	34.660842	139.8	33.3	1069377.0	2	0	0	0
KM17-09	2	139.567889	144.38315	27.947273	34.78824	142.0	31.4	2473247.0	2	0	0	0
KM17-10C	2	126.952128	130.931179	26.774778	28.71186	128.9	27.7	166389.0	2	0	0	0
KM17-12C	2	124.051604	139.53549	24.939538	34.709797	131.8	29.8	2624154.0	2	0	0	0
KM17-13	2	138.490641	139.930935	32.441031	34.857028	139.2	33.6	154709.0	2	0	0	0
KM17-14C	2	139.751705	154.634468	19.50073	34.366196	147.2	26.9	6122951.0	2	0	0	0
KM17-E01	2	145.625859	154.611377	22.843924	24.939365	150.1	23.9	2041562.0	2	0	0	0
KY07-12	2	144.440909	145.227717	32.24268	32.382921	144.8	32.3	54272.0	2	0	0	0
KY07-05	2	139.357899	141.844729	34.992382	36.127204	140.6	35.6	47102.0	2	0	0	0
KM17-04	2	137.796145	139.233317	32.773161	34.952173	138.5	33.9	715846.0	2	0	0	0
KM17-08C	2	128.060104	138.630101	27.02505	34.126433	133.3	30.6	2363747.0	2	0	0	0
KR20-09	2	135.152098	139.625685	32.856827	35.051062	137.4	34.0	726271.0	2	0	0	0
KR20-10	2	131.611137	133.014373	30.635759	32.434069	132.3	31.5	403143.0	2	0	0	0
KR20-11	2	127.76411	131.151667	27.187893	31.383388	129.5	29.3	550845.0	2	0	0	0
KR20-12	2	126.459187	138.145208	26.379776	34.515374	132.3	30.4	508782.0	2	0	0	0
KR20-13S	2	136.522568	139.337613	32.817568	34.82126	137.9	33.8	458269.0	2	0	0	0
20120418	1	138.940817	140.156282	40.946913	41.157694	139.5	41.1	1374051.0	1	0	0	0
20120419	1	137.841136	140.016712	40.809989	40.903012	138.9	40.9	1019772.0	1	0	0	0
20120420	1	138.077924	139.654832	40.355793	41.002176	138.9	40.7	798137.0	1	0	0	0
20120421	1	139.325628	139.700346	40.539993	40.693282	139.5	40.6	278130.0	1	0	0	0
20120424	1	139.126617	139.761625	40.69049	41.728881	139.4	41.2	1208771.0	1	0	0	0
20120425	1	139.712566	139.760623	41.72858	42.086507	139.7	41.9	319012.0	1	0	0	0
20120428	1	138.135422	139.279812	40.684446	40.899482	138.7	40.8	508622.0	1	0	0	0
20120429	1	137.421325	138.392326	40.683049	41.031834	137.9	40.9	513342.0	1	0	0	0
20120430	1	137.932042	139.147113	40.944371	41.167861	138.5	41.1	619621.0	1	0	0	0
20120501	1	137.902647	139.511167	41.207874	41.449159	138.7	41.3	699986.0	1	0	0	0
20120502	1	138.450172	139.154417	41.382501	41.474177	138.8	41.4	351266.0	1	0	0	0
20120505	1	138.475955	139.481131	40.602726	41.018625	139.0	40.8	356208.0	1	0	0	0
20120506	1	138.912767	139.020838	40.591581	41.658614	139.0	41.1	637327.0	1	0	0	0
20120507	1	138.345486	138.467752	40.057134	41.689667	138.4	40.9	788805.0	1	0	0	0
20120508	1	138.069632	138.541409	40.045449	40.279455	138.3	40.2	215761.0	1	0	0	0
KH-18-J02C	1	141.01376	143.209754	35.739813	39.560037	142.1	37.6	351939.0	1	0	0	0
KH-18-J03C	1	141.645162	143.278028	37.833328	40.386499	142.5	39.1	231680.0	1	0	0	0
KH-20-J01	1	132.622221	141.953811	32.652926	35.078446	137.3	33.9	661258.0	1	0	0	0
KM17-01	1	138.263275	144.329201	24.159872	34.736738	141.3	29.4	2914770.0	1	0	0	0
KM17-03	1	139.189555	139.226483	34.852015	34.877194	139.2	34.9	1068.0	1	0	0	0
KM17-06C	1	138.018661	140.893982	43.442288	44.169701	139.5	43.8	906464.0	1	0	0	0
20120417	1	139.381502	140.200533	41.113533	41.617813	139.8	41.4	1348816.0	1	0	0	0
KY06-06	1	138.58224	138.763722	34.664639	35.064744	138.7	34.9	175459.0	1	0	0	0
KY07-02	1	138.605797	138.68997	34.679451	35.056418	138.6	34.9	85824.0	1	0	0	0
KY05-10	1	138.582876	138.756084	35.048349	35.058854	138.7	35.1	32637.0	1	0	0	0
KY06-03	1	139.547974	139.614632	34.800695	34.922905	139.6	34.9	30747.0	1	0	0	0
KY10-04	1	139.122003	139.314208	34.990899	35.131102	139.2	35.1	173887.0	1	0	0	0
KS-22-J04C	1	134.782659	137.091579	32.891411	34.059915	135.9	33.5	186947.0	1	0	0	0
KY01-10	1	122.667929	122.726628	24.822993	24.876739	122.7	24.8	81682.0	1	0	0	0
KY03-07	1	140.727819	140.831438	30.740147	30.8403	140.8	30.8	78721.0	1	0	0	0
KS-20-J03	1	138.509761	139.219654	34.585216	35.077814	138.9	34.8	23470.0	1	0	0	0
KS-21-10	1	135.874533	139.407666	32.821459	34.867746	137.6	33.8	420432.0	1	0	0	0
KS-21-11	1	133.144506	139.437406	29.96418	35.000838	136.3	32.5	1062490.0	1	0	0	0
KS-21-12	1	131.573692	135.061291	35.064463	38.039635	133.3	36.6	160216.0	1	0	0	0
KS-21-13	1	135.008138	140.713123	36.995854	42.111463	137.9	39.6	785161.0	1	0	0	0
KS-21-14	1	139.633678	142.303889	34.818096	40.283228	141.0	37.6	153504.0	1	0	0	0
KS-21-15	1	127.596247	138.740938	25.982121	34.443017	133.2	30.2	837266.0	1	0	0	0
KS-21-4	1	139.753208	142.907895	34.853636	42.267366	141.3	38.6	335638.0	1	0	0	0
KS-21-6	1	139.635327	141.050184	41.34993	44.578715	140.3	43.0	116157.0	1	0	0	0
KS-21-7	1	141.343336	145.167949	38.207295	42.503256	143.3	40.4	477260.0	1	0	0	0
KS-21-8	1	139.107994	141.590761	34.863448	35.833946	140.3	35.3	77524.0	1	0	0	0
KS-21-9	1	133.356577	138.857722	28.017168	34.442895	136.1	31.2	2461808.0	1	0	0	0
KS-21-J03	1	135.94155	139.071268	33.357626	34.60085	137.5	34.0	143699.0	1	0	0	0
KS-22-10	1	142.009233	148.80237	39.367505	42.841122	145.4	41.1	1364687.0	1	0	0	0
KS-22-8	1	132.877915	139.089529	32.519615	34.65411	136.0	33.6	351657.0	1	0	0	0
KY11-10	1	139.406691	139.68168	35.059644	35.09353	139.5	35.1	60034.0	1	0	0	0
KY13-13	1	139.731965	140.713426	34.827889	34.956863	140.2	34.9	320999.0	1	0	0	0
KY13-14	1	138.830387	139.724397	34.361318	34.994454	139.3	34.7	273433.0	1	0	0	0
KS-16-J05	1	138.875512	139.085833	33.429812	33.515362	139.0	33.5	15087.0	1	0	0	0
KS-17-J07C	1	139.449319	139.598021	34.533737	34.645372	139.5	34.6	6411.0	1	0	0	0
KS-17-J08C	1	141.741629	141.992738	38.32413	38.526706	141.9	38.4	9369.0	1	0	0	0
KS-18-J04	1	136.165911	136.895968	32.839251	33.41792	136.5	33.1	73130.0	1	0	0	0
KS-18-J08	1	133.676025	139.388528	33.061778	35.142613	136.5	34.1	137398.0	1	0	0	0
KS-19-10	1	141.734193	146.018334	35.98609	42.656325	143.9	39.3	900844.0	1	0	0	0
KS-19-11	1	135.518597	140.477983	38.144651	42.023742	138.0	40.1	755606.0	1	0	0	0
KS-19-12	1	140.885426	146.456707	38.200328	42.674302	143.7	40.4	1671506.0	1	0	0	0
KS-19-5	1	143.649114	145.009018	37.884504	38.156269	144.3	38.0	105083.0	1	0	0	0
KS-19-J05	1	137.077583	139.394092	34.346759	35.025907	138.2	34.7	38136.0	1	0	0	0
KS-20-1	1	139.209217	139.969551	32.093376	34.98505	139.6	33.5	160553.0	1	0	0	0
KS-20-18	1	140.660309	145.55986	40.519667	42.799235	143.1	41.7	525366.0	1	0	0	0
KS-20-J02	1	134.943843	136.962719	32.913082	34.049551	136.0	33.5	465254.0	1	0	0	0
KR18-08	1	138.122307	141.756566	33.038885	34.99712	139.9	34.0	599577.0	1	0	0	0
KR18-10	1	138.581667	138.63306	34.964028	35.002677	138.6	35.0	1497.0	1	0	0	0
KR19-03	1	135.141568	139.237871	32.85417	34.898288	137.2	33.9	698690.0	1	0	0	0
KR19-08	1	138.464269	141.795197	33.333708	34.992393	140.1	34.2	471076.0	1	0	0	0
KR20-07	1	139.599831	141.722819	33.313173	34.762777	140.7	34.0	245712.0	1	0	0	0
KR20-E07	1	139.348679	139.383777	35.024084	35.0448	139.4	35.0	334.0	1	0	0	0
KR21-08	1	139.510846	139.579149	34.611133	34.683217	139.5	34.6	3216.0	1	0	0	0
KR21-09	1	138.591306	138.672417	34.959454	35.015403	138.6	35.0	3671.0	1	0	0	0
KR21-11	1	138.56301	138.677472	34.976311	35.031964	138.6	35.0	3165.0	1	0	0	0
KR17-02	1	138.615036	139.369047	34.584051	35.070726	139.0	34.8	41610.0	1	0	0	0
KR17-12	1	138.550972	138.636517	34.965542	35.03926	138.6	35.0	3751.0	1	0	0	0
KR18-02C	1	126.923325	139.531046	26.718233	34.95242	133.2	30.8	662736.0	1	0	0	0
KR18-05	1	138.318418	139.282203	34.51782	34.956046	138.8	34.7	44003.0	1	0	0	0
KR14-E04	1	139.501743	142.102365	33.426919	34.780247	140.8	34.1	280799.0	1	0	0	0
KR16-07	1	136.965406	137.008584	33.541972	33.594175	137.0	33.6	1209.0	1	0	0	0
KR13-05	1	143.76613	144.159416	37.839123	38.048749	144.0	37.9	67009.0	1	0	0	0
KR14-03	1	139.112376	139.77531	34.910318	35.194061	139.4	35.1	61913.0	1	0	0	0
KR08-11	1	137.49073	137.692287	34.164227	34.397578	137.6	34.3	422920.0	1	0	0	0
KR08-12	1	136.336338	136.868733	33.4062	33.592787	136.6	33.5	108025.0	1	0	0	0
KR09-E02	1	138.554437	138.655768	34.684155	34.918797	138.6	34.8	112819.0	1	0	0	0
KR04-12	1	139.325286	139.621562	34.989602	35.080118	139.5	35.0	108899.0	1	0	0	0
KM21-E01	1	136.187202	139.736339	33.36029	35.054674	138.0	34.2	385624.0	1	0	0	0
KM21-E03	1	139.897789	141.592705	34.075568	34.827586	140.7	34.5	274023.0	1	0	0	0
KM17-11C	1	126.805299	127.028698	27.660994	27.845503	126.9	27.8	41197.0	1	0	0	0
KM18-03	1	134.014095	139.094038	31.762532	34.758608	136.6	33.3	558452.0	1	0	0	0
KM18-09	1	136.861124	139.642804	33.354814	35.026131	138.3	34.2	259436.0	1	0	0	0
KM19-05C	1	142.29998	142.480134	38.992577	39.481019	142.4	39.2	34972.0	1	0	0	0
KM20-08	1	139.52778	144.247526	30.932299	35.079267	141.9	33.0	2756612.0	1	0	0	0
KY15-02	1	139.337265	139.391721	35.06084	35.108156	139.4	35.1	39678.0	1	0	0	0
KY15-03	1	139.208411	139.220293	35.071343	35.118193	139.2	35.1	29824.0	1	0	0	0
KY15-E03	1	137.362012	137.421561	33.514455	33.569012	137.4	33.5	15372.0	1	0	0	0
20120416	1	138.275752	139.473517	41.551865	41.644272	138.9	41.6	533436.0	1	0	0	0
20120413	1	138.095769	140.203409	40.938979	41.032522	139.1	41.0	1186188.0	1	0	0	0
20120410	1	137.624679	138.147189	40.936162	41.032437	137.9	41.0	156075.0	1	0	0	0
20120408	1	137.421568	137.710719	40.935987	41.02941	137.6	41.0	78774.0	1	0	0	0
